,strategy,buy_and_hold
1976-01-01,106.8789,107.2072
1976-02-01,107.7287,106.4056
1976-03-01,107.0421,103.6605
1976-04-01,107.9807,103.6721
1976-05-01,105.6635,100.951
1976-06-01,106.8365,102.3711
1976-07-01,107.6694,102.7416
1976-08-01,108.1252,102.2023
1976-09-01,108.4045,100.507
1976-10-01,105.4196,94.8011
1976-11-01,105.2124,96.0319
1976-12-01,111.3595,103.2646
1977-01-01,108.7443,101.3767
1977-02-01,108.5171,102.3847
1977-03-01,108.7432,102.3264
1977-04-01,110.8444,103.5343
1977-05-01,109.9562,102.5424
1977-06-01,111.9616,104.1519
1977-07-01,112.3373,101.7733
1977-08-01,113.7723,103.376
1977-09-01,116.3757,105.4634
1977-10-01,117.0549,106.7292
1977-11-01,117.2468,105.8034
1977-12-01,120.5807,110.2231
1978-01-01,120.4517,110.4923
1978-02-01,121.2029,111.2537
1978-03-01,126.2487,118.1973
1978-04-01,126.4021,119.8585
1978-05-01,128.7143,122.7674
1978-06-01,132.1205,126.1384
1978-07-01,139.4902,134.745
1978-08-01,147.1208,143.3928
1978-09-01,149.3506,147.2814
1978-10-01,155.285,152.7428
1978-11-01,139.6276,137.4053
1978-12-01,145.6661,143.0914
1979-01-01,150.4353,147.7858
1979-02-01,151.8737,149.1988
1979-03-01,157.7418,154.9636
1979-04-01,158.7482,155.9523
1979-05-01,159.5689,156.6056
1979-06-01,166.2184,162.8748
1979-07-01,166.9963,165.457
1979-08-01,173.6288,172.0237
1979-09-01,182.2439,184.3087
1979-10-01,172.1445,174.1264
1979-11-01,177.5465,183.538
1979-12-01,183.135,190.6817
1980-01-01,192.6373,202.2734
1980-02-01,189.5528,203.2922
1980-03-01,168.3698,173.9217
1980-04-01,183.3465,190.487
1980-05-01,198.4386,201.1031
1980-06-01,208.4114,213.6549
1980-07-01,212.2338,217.9126
1980-08-01,213.1159,222.2864
1980-09-01,215.3384,227.1529
1980-10-01,227.3025,240.3836
1980-11-01,223.063,237.139
1980-12-01,222.0218,233.512
1981-01-01,227.6606,229.2058
1981-02-01,224.9778,230.5839
1981-03-01,228.5022,236.0018
1981-04-01,229.4775,234.8207
1981-05-01,229.5107,226.2366
1981-06-01,234.3981,227.1392
1981-07-01,223.807,218.283
1981-08-01,220.2713,219.7025
1981-09-01,209.188,201.0257
1981-10-01,213.7337,205.1313
1981-11-01,236.5421,226.5928
1981-12-01,233.5807,221.5405
1982-01-01,226.0419,218.0053
1982-02-01,229.8915,206.1559
1982-03-01,239.5699,198.426
1982-04-01,242.2099,207.2026
1982-05-01,248.2517,205.7622
1982-06-01,239.3285,186.2594
1982-07-01,246.455,185.6374
1982-08-01,261.1419,186.06
1982-09-01,274.0631,183.4249
1982-10-01,296.5968,183.8923
1982-11-01,304.4533,190.7653
1982-12-01,308.706,203.7563
1983-01-01,315.2163,212.7229
1983-02-01,319.949,224.8413
1983-03-01,331.1334,231.7176
1983-04-01,349.9986,247.2153
1983-05-01,346.9481,243.5437
1983-06-01,349.6795,246.4356
1983-07-01,355.0978,252.4994
1983-08-01,353.0421,248.4383
1983-09-01,361.2906,250.2331
1983-10-01,356.117,249.0612
1983-11-01,366.2217,255.9563
1983-12-01,374.6905,260.6644
1984-01-01,388.2596,278.49
1984-02-01,394.3517,283.1333
1984-03-01,405.7416,291.2724
1984-04-01,402.4865,288.7334
1984-05-01,381.6014,269.3137
1984-06-01,375.4849,262.5342
1984-07-01,376.495,251.1402
1984-08-01,395.6042,272.8443
1984-09-01,399.2215,269.4262
1984-10-01,406.6367,269.409
1984-11-01,415.71,267.7661
1984-12-01,421.8936,269.5326
1985-01-01,436.4422,287.4146
1985-02-01,436.0793,278.3077
1985-03-01,436.5689,294.9479
1985-04-01,451.0941,300.3809
1985-05-01,470.3727,312.3004
1985-06-01,480.778,313.526
1985-07-01,508.9338,341.6561
1985-08-01,520.7131,348.3282
1985-09-01,534.1669,361.7311
1985-10-01,578.3933,393.4292
1985-11-01,619.7363,420.3337
1985-12-01,649.1893,437.557
1986-01-01,666.458,448.3572
1986-02-01,737.5179,494.8894
1986-03-01,805.7028,536.6183
1986-04-01,874.0873,579.9941
1986-05-01,839.1899,559.8098
1986-06-01,849.2934,571.3058
1986-07-01,871.5062,584.9097
1986-08-01,944.4162,640.2781
1986-09-01,930.419,631.1987
1986-10-01,930.2983,639.2674
1986-11-01,963.797,661.6101
1986-12-01,998.7278,684.3031
1987-01-01,1062.3157,731.8983
1987-02-01,1104.5662,761.1486
1987-03-01,1157.7987,797.9757
1987-04-01,1213.4462,836.5405
1987-05-01,1212.5135,836.0679
1987-06-01,1241.0258,855.8908
1987-07-01,1328.7479,916.6775
1987-08-01,1387.8945,955.6192
1987-09-01,1396.58,964.0835
1987-10-01,1058.6269,725.383
1987-11-01,1059.4191,708.0628
1987-12-01,1096.274,747.9537
1988-01-01,1111.8062,724.2925
1988-02-01,1165.7142,771.4525
1988-03-01,1183.7128,811.7891
1988-04-01,1175.4089,825.0108
1988-05-01,1156.3941,814.7668
1988-06-01,1160.5031,823.6914
1988-07-01,1164.665,827.3053
1988-08-01,1151.8287,792.5952
1988-09-01,1181.242,820.68
1988-10-01,1206.7696,881.1887
1988-11-01,1230.5808,905.1208
1988-12-01,1252.5803,922.4487
1989-01-01,1295.9647,952.8883
1989-02-01,1291.8208,949.5849
1989-03-01,1314.7052,966.0857
1989-04-01,1361.5752,1005.46
1989-05-01,1326.5308,970.154
1989-06-01,1349.0391,983.3441
1989-07-01,1444.2003,1069.3294
1989-08-01,1437.7854,1082.6743
1989-09-01,1481.7088,1116.8353
1989-10-01,1408.6632,1059.4421
1989-11-01,1456.8179,1093.5118
1989-12-01,1565.8641,1179.7366
1990-01-01,1570.9476,1190.1828
1990-02-01,1561.9426,1176.1045
1990-03-01,1582.517,1183.8877
1990-04-01,1539.0803,1143.7846
1990-05-01,1598.4854,1222.0305
1990-06-01,1648.9928,1251.5857
1990-07-01,1738.0661,1324.9678
1990-08-01,1580.0855,1189.7195
1990-09-01,1468.6637,1045.312
1990-10-01,1502.2379,1100.75
1990-11-01,1529.1187,1080.9453
1990-12-01,1547.7564,1072.9761
1991-01-01,1562.0125,1105.069
1991-02-01,1609.5011,1207.727
1991-03-01,1579.39,1161.8961
1991-04-01,1588.7469,1168.1659
1991-05-01,1595.477,1178.1692
1991-06-01,1577.3364,1113.177
1991-07-01,1598.2957,1162.8894
1991-08-01,1645.8576,1154.2369
1991-09-01,1678.1718,1168.3533
1991-10-01,1693.3431,1167.0108
1991-11-01,1696.5844,1148.8039
1991-12-01,1757.9042,1202.2308
1992-01-01,1759.58,1211.0619
1992-02-01,1755.2366,1206.9941
1992-03-01,1740.5913,1173.2298
1992-04-01,1774.451,1196.3475
1992-05-01,1828.445,1258.5725
1992-06-01,1832.0975,1237.3597
1992-07-01,1834.7623,1204.4047
1992-08-01,1850.9035,1173.3531
1992-09-01,1871.0038,1139.5697
1992-10-01,1838.0981,1100.0125
1992-11-01,1807.4573,1105.9506
1992-12-01,1824.5874,1107.1967
1993-01-01,1856.6368,1126.882
1993-02-01,1914.5229,1153.22
1993-03-01,1972.5803,1215.8219
1993-04-01,2015.083,1278.1424
1993-05-01,2048.907,1308.1653
1993-06-01,2031.1774,1264.6596
1993-07-01,2071.2104,1295.4652
1993-08-01,2182.0001,1401.5616
1993-09-01,2166.1464,1392.0534
1993-10-01,2307.8686,1484.6438
1993-11-01,2209.8127,1420.1448
1993-12-01,2431.893,1560.6512
1994-01-01,2649.6234,1700.4138
1994-02-01,2567.4478,1647.6771
1994-03-01,2476.2292,1589.1369
1994-04-01,2581.3375,1656.5909
1994-05-01,2538.4721,1629.0817
1994-06-01,2496.6467,1602.24
1994-07-01,2608.1861,1677.564
1994-08-01,2661.2626,1715.7522
1994-09-01,2604.4766,1678.1795
1994-10-01,2690.2569,1737.3189
1994-11-01,2564.3657,1655.3114
1994-12-01,2594.477,1673.0567
1995-01-01,2593.2762,1635.3612
1995-02-01,2650.2972,1690.7593
1995-03-01,2697.2394,1714.9053
1995-04-01,2798.3906,1797.428
1995-05-01,2862.317,1842.5371
1995-06-01,2924.6081,1860.8064
1995-07-01,3040.57,1949.505
1995-08-01,2958.6852,1882.8936
1995-09-01,3051.2116,1927.9863
1995-10-01,3037.1826,1897.9565
1995-11-01,3072.3478,1909.9073
1995-12-01,3120.5518,1955.7462
1996-01-01,3190.2096,1998.1597
1996-02-01,3235.3379,2043.344
1996-03-01,3261.2789,2063.586
1996-04-01,3321.7058,2111.1187
1996-05-01,3344.9738,2129.1933
1996-06-01,3349.5475,2130.7437
1996-07-01,3269.2748,2077.8541
1996-08-01,3337.6263,2124.1922
1996-09-01,3389.4508,2182.6285
1996-10-01,3467.8922,2221.963
1996-11-01,3638.6452,2335.4305
1996-12-01,3704.4471,2373.5448
1997-01-01,3743.1657,2397.1803
1997-02-01,3754.4724,2400.0178
1997-03-01,3778.8878,2408.155
1997-04-01,3734.8833,2375.143
1997-05-01,3913.5384,2511.0785
1997-06-01,4090.2573,2617.1625
1997-07-01,4229.4716,2687.5303
1997-08-01,4025.5723,2497.3845
1997-09-01,4348.4693,2705.0541
1997-10-01,4106.6242,2507.3293
1997-11-01,4137.0823,2489.5736
1997-12-01,4226.3595,2531.7377
1998-01-01,4349.7691,2556.1457
1998-02-01,4618.4552,2824.2384
1998-03-01,4866.8201,2958.4541
1998-04-01,4997.3146,2987.6121
1998-05-01,5090.8234,2962.8121
1998-06-01,5106.5651,2899.7152
1998-07-01,5215.3846,2949.5211
1998-08-01,4745.1068,2504.4395
1998-09-01,4771.6324,2482.0389
1998-10-01,5012.1717,2740.2441
1998-11-01,5111.6987,2880.0297
1998-12-01,5354.5797,3022.6493
1999-01-01,5335.8329,3041.3667
1999-02-01,5184.81,2939.6115
1999-03-01,5178.8643,3033.3628
1999-04-01,5247.3917,3270.7313
1999-05-01,5029.2531,3133.0398
1999-06-01,5144.1944,3299.2831
1999-07-01,5210.394,3350.883
1999-08-01,5209.3596,3390.1405
1999-09-01,5170.2597,3345.3624
1999-10-01,5348.3984,3461.5529
1999-11-01,5595.7173,3626.2894
1999-12-01,6068.7533,4035.6254
2000-01-01,5813.9915,3794.0677
2000-02-01,6029.3045,3938.4637
2000-03-01,6102.8928,4017.2674
2000-04-01,5924.569,3823.3312
2000-05-01,5740.2698,3738.1476
2000-06-01,5906.5672,3890.3285
2000-07-01,5828.7757,3812.0722
2000-08-01,5929.5666,3845.1465
2000-09-01,5786.3823,3660.4174
2000-10-01,5746.9733,3558.0485
2000-11-01,5696.3233,3477.0651
2000-12-01,5931.8791,3659.5841
2001-01-01,6018.0204,3740.6136
2001-02-01,5899.626,3497.9081
2001-03-01,5840.596,3194.5728
2001-04-01,5748.4291,3379.9925
2001-05-01,5656.0356,3261.5242
2001-06-01,5709.6986,3194.885
2001-07-01,5743.5923,3206.776
2001-08-01,5875.1678,3156.8346
2001-09-01,5946.3208,2791.2226
2001-10-01,6043.8193,2875.1618
2001-11-01,6045.072,3039.0058
2001-12-01,5907.7171,3114.6376
2002-01-01,5953.3387,3011.914
2002-02-01,6038.5318,3016.6702
2002-03-01,5931.2794,3172.4458
2002-04-01,5979.4182,3168.6119
2002-05-01,6078.2511,3223.8581
2002-06-01,6109.2191,3129.8061
2002-07-01,6055.6057,2833.2263
2002-08-01,6251.6087,2852.3245
2002-09-01,6404.4628,2552.2502
2002-10-01,6431.44,2736.0998
2002-11-01,6416.6377,2866.6148
2002-12-01,6495.5645,2820.2542
2003-01-01,6518.9711,2777.5112
2003-02-01,6594.6491,2707.5699
2003-03-01,6662.971,2690.1208
2003-04-01,6651.5909,2969.6223
2003-05-01,6944.321,3172.8758
2003-06-01,7077.2351,3234.2749
2003-07-01,6891.0037,3296.6061
2003-08-01,6953.5511,3373.6663
2003-09-01,7165.3914,3477.131
2003-10-01,7625.974,3702.709
2003-11-01,7894.2702,3829.2603
2003-12-01,8474.0353,4110.9501
2004-01-01,8768.567,4253.8656
2004-02-01,9028.7389,4380.0819
2004-03-01,8895.6721,4315.5276
2004-04-01,8649.2344,4195.9741
2004-05-01,8684.9023,4213.2776
2004-06-01,8919.3106,4326.9953
2004-07-01,8765.0643,4252.1663
2004-08-01,8865.9245,4301.0962
2004-09-01,9294.728,4524.7444
2004-10-01,9642.8836,4695.476
2004-11-01,10449.2379,5088.3044
2004-12-01,10902.2847,5308.0321
2005-01-01,10718.3515,5218.5043
2005-02-01,11248.7941,5495.1938
2005-03-01,10939.931,5341.9554
2005-04-01,10677.0281,5205.1485
2005-05-01,10737.6439,5225.1461
2005-06-01,11105.5279,5402.3783
2005-07-01,11559.5934,5629.3011
2005-08-01,11829.644,5760.5175
2005-09-01,12124.5861,5903.4166
2005-10-01,11665.5779,5679.3603
2005-11-01,11938.4654,5811.7931
2005-12-01,12459.6529,6083.1234
2006-01-01,13222.0527,6473.2277
2006-02-01,13278.4173,6501.7723
2006-03-01,13806.7514,6764.0817
2006-04-01,14477.0009,7113.2263
2006-05-01,13757.4284,6760.3642
2006-06-01,13755.9028,6742.8663
2006-07-01,13927.8493,6827.5157
2006-08-01,14358.3355,7042.0194
2006-09-01,14505.7542,7120.5534
2006-10-01,15180.8597,7474.0236
2006-11-01,15850.5315,7804.5291
2006-12-01,16590.7911,8170.5093
2007-01-01,16768.2135,8266.8411
2007-02-01,16726.0785,8259.7329
2007-03-01,17412.7624,8598.5863
2007-04-01,18413.859,9085.9469
2007-05-01,18857.484,9309.7808
2007-06-01,18910.2985,9336.7093
2007-07-01,18702.0999,9234.131
2007-08-01,18313.8127,9042.188
2007-09-01,19697.0392,9726.1157
2007-10-01,20587.1511,10165.4194
2007-11-01,19612.5798,9665.5933
2007-12-01,19401.5793,9528.5816
