,strat_all,strat_no_brakes_all,strat_live_brakes_all,SPY_bh,p6040,EW
2008-01-11,4749.65,4749.65,4749.65,4703.07,4710.09,4718.57
2008-01-18,4743.95,4743.95,4743.95,4433.91,4571.91,4623.52
2008-01-25,4668.93,4668.93,4668.93,4415.65,4546.84,4573.81
2008-02-01,4713.05,4713.05,4713.05,4663.86,4707.55,4699.16
2008-02-08,4793.4,4793.4,4793.4,4489.95,4616.0,4687.89
2008-02-15,4751.04,4751.04,4751.04,4523.88,4606.8,4702.12
2008-02-22,4874.48,4874.48,4874.48,4526.99,4602.29,4766.9
2008-02-29,5065.47,5065.47,5065.47,4416.97,4553.95,4780.29
2008-03-07,5036.49,5036.49,5036.49,4229.3,4419.43,4673.38
2008-03-14,4980.12,4980.12,4980.12,4213.38,4427.27,4671.53
2008-03-21,4804.49,4804.49,4804.49,4390.15,4582.91,4640.51
2008-03-28,4742.32,4742.32,4742.32,4350.35,4530.61,4715.68
2008-04-04,4731.55,4730.51,4731.55,4531.15,4634.6,4808.17
2008-04-11,4800.71,4799.67,4800.71,4469.38,4621.18,4853.41
2008-04-18,4664.71,4665.67,4664.71,4573.42,4622.89,4878.38
2008-04-25,4564.01,4546.17,4564.01,4638.43,4655.75,4905.58
2008-05-02,4491.51,4449.31,4491.51,4735.69,4724.82,4938.59
2008-05-09,4441.55,4501.02,4441.55,4690.68,4733.62,5013.98
2008-05-16,4518.25,4523.09,4518.25,4810.21,4789.87,5074.57
2008-05-23,4440.39,4493.56,4440.39,4587.31,4635.78,4989.3
2008-05-30,4388.51,4376.0,4388.51,4671.88,4658.22,4940.81
2008-06-06,4385.81,4396.21,4385.81,4562.86,4624.37,4999.7
2008-06-13,4386.69,4397.76,4386.69,4612.41,4632.56,4993.33
2008-06-20,4375.98,4371.99,4375.98,4415.24,4502.06,4920.84
2008-06-27,4416.21,4443.36,4416.21,4238.71,4406.3,4875.91
2008-07-04,4453.07,4513.54,4453.07,4222.69,4408.98,4884.66
2008-07-11,4436.12,4464.24,4436.12,4128.94,4353.07,4850.45
2008-07-18,4352.04,4312.65,4352.04,4178.83,4357.87,4743.34
2008-07-25,4306.78,4236.13,4306.78,4177.28,4363.64,4699.65
2008-08-01,4299.85,4243.58,4299.85,4234.73,4438.19,4747.74
2008-08-08,4204.77,4079.15,4204.77,4465.0,4636.72,4760.82
2008-08-15,4275.03,4117.69,4275.03,4625.66,4804.45,4833.93
2008-08-22,4270.8,4124.82,4270.8,4640.6,4826.14,4901.17
2008-08-29,4271.24,4145.93,4271.24,4689.65,4902.73,4982.72
2008-09-05,4339.93,4280.87,4339.93,4671.52,4980.28,4959.2
2008-09-12,4299.71,4214.79,4299.71,4661.69,4931.08,4831.61
2008-09-19,4285.53,4191.28,4285.53,4519.17,4790.96,4793.38
2008-09-26,4286.24,4192.7,4286.24,4368.76,4679.03,4679.96
2008-10-03,4320.25,4264.69,4320.25,4153.27,4671.84,4504.62
2008-10-10,4333.19,4298.01,4333.19,3450.3,4267.31,4146.56
2008-10-17,4263.75,4191.39,4263.75,3596.51,4323.77,4076.63
2008-10-24,4315.78,4296.98,4315.78,3651.13,4601.38,4129.33
2008-10-31,4264.49,4197.91,4264.49,4015.83,4752.17,4325.93
2008-11-07,4291.7,4250.89,4291.7,4000.3,4837.27,4412.52
2008-11-14,4383.01,4431.01,4383.01,3918.89,4973.64,4506.45
2008-11-21,4445.47,4552.51,4445.47,3552.56,4809.74,4271.48
2008-11-28,4428.45,4521.61,4428.45,3907.49,4985.28,4201.1
2008-12-05,4515.23,4688.96,4515.23,3992.27,5203.69,4467.12
2008-12-12,4510.73,4680.21,4510.73,3970.34,5176.53,4553.94
2008-12-19,4621.4,4900.21,4621.4,3971.94,5261.61,4662.51
2008-12-26,4681.55,5040.32,4681.55,4012.37,5353.13,4766.19
2009-01-02,4637.8,4986.91,4637.8,4295.79,5464.18,4988.1
2009-01-09,4543.39,4861.45,4543.39,3949.3,5121.58,4642.56
2009-01-16,4517.52,4827.03,4517.52,3881.23,5136.64,4619.14
2009-01-23,4556.36,4918.15,4556.36,4048.71,5372.5,4841.12
2009-01-30,4556.36,4918.15,4556.36,3822.81,5049.58,4587.05
2009-02-06,4460.32,4715.77,4460.32,3954.21,5096.36,4640.12
2009-02-13,4544.09,4903.98,4544.09,3875.39,5120.72,4638.58
2009-02-20,4583.43,4993.79,4583.43,3603.82,4915.56,4449.54
2009-02-27,4529.13,4877.55,4529.13,3470.46,4798.17,4402.12
2009-03-06,4578.9,4989.73,4578.9,3282.84,4712.19,4374.51
2009-03-13,4554.94,4947.61,4554.94,3655.59,5016.46,4592.92
2009-03-20,4481.36,4759.87,4481.36,3587.73,4942.68,4573.91
2009-03-27,4499.86,4754.31,4499.86,3858.62,5151.91,4695.59
2009-04-03,4402.2,4522.53,4402.2,3844.67,5043.11,4651.72
2009-04-10,4428.17,4515.25,4428.17,3958.82,5152.17,4729.9
2009-04-17,4438.19,4486.8,4438.19,3987.01,5156.31,4743.23
2009-04-24,4416.91,4468.11,4416.91,3998.49,5174.68,4767.47
2009-05-01,4303.46,4459.68,4303.46,3985.79,5107.31,4733.27
2009-05-08,4395.47,4550.07,4395.47,4133.24,5165.5,4883.93
2009-05-15,4299.93,4519.46,4299.93,3958.07,5061.49,4763.19
2009-05-22,4238.86,4414.07,4238.86,3783.61,4790.87,4598.8
2009-05-29,4278.37,4437.08,4278.37,3865.31,4820.13,4675.3
2009-06-05,4351.87,4483.28,4351.87,4004.94,4897.34,4780.54
2009-06-12,4248.97,4367.86,4248.97,3915.49,4786.51,4675.72
2009-06-19,4169.56,4302.46,4169.56,3799.55,4691.66,4555.81
2009-06-26,4154.72,4301.13,4142.82,3786.39,4712.66,4569.93
2009-07-03,4167.69,4305.47,4142.82,3731.69,4689.14,4520.99
2009-07-10,4161.51,4323.78,4142.82,3694.06,4712.21,4455.59
2009-07-17,4093.69,4319.22,4142.82,3925.33,4829.54,4587.99
2009-07-24,4104.23,4434.51,4142.82,4064.78,4928.23,4711.96
2009-07-31,4089.97,4428.51,4142.82,4025.58,4888.26,4697.67
2009-08-07,4030.55,4698.73,4142.82,4130.23,4924.85,4793.05
2009-08-14,4026.69,4645.18,4142.82,4146.51,4991.25,4794.11
2009-08-21,4001.7,4601.82,4142.82,4247.8,5071.64,4826.62
2009-08-28,4066.57,4709.68,4142.82,4325.2,5175.52,4929.17
2009-09-04,4056.52,4733.2,4142.82,4240.42,5099.19,4834.51
2009-09-11,4028.0,4725.07,4142.82,4284.43,5119.93,4883.6
2009-09-18,4144.11,4858.92,4142.82,4488.06,5301.76,5102.51
2009-09-25,4173.29,4872.9,4142.82,4480.43,5354.86,5112.63
2009-10-02,4147.69,4871.51,4142.82,4400.58,5312.18,5059.78
2009-10-09,4180.97,5028.34,4142.82,4631.49,5480.58,5265.14
2009-10-16,4038.36,4861.8,4142.82,4555.19,5361.21,5153.93
2009-10-23,4088.5,4979.15,4142.82,4535.71,5339.96,5195.61
2009-10-30,3915.55,4720.82,4142.82,4306.5,5164.17,4975.12
2009-11-06,3902.93,4730.32,4142.82,4413.48,5219.41,4998.91
2009-11-13,3947.71,4739.69,4142.82,4498.11,5286.81,5032.65
2009-11-20,4026.78,4911.46,4142.82,4536.88,5346.84,5112.05
2009-11-27,4001.45,4929.34,4142.82,4540.78,5372.31,5115.54
2009-12-04,4074.58,4983.92,4142.82,4610.61,5394.13,5169.28
2009-12-11,4100.15,5036.22,4142.82,4678.52,5462.92,5188.67
2009-12-18,4150.14,5136.08,4142.82,4692.54,5487.47,5259.15
2009-12-25,4253.63,5303.93,4142.82,4851.96,5595.77,5380.21
2010-01-01,4198.45,5223.1,4142.82,4742.13,5482.38,5290.77
2010-01-08,4328.62,5338.52,4142.82,4921.49,5635.06,5471.54
2010-01-15,4153.18,5158.76,4142.82,4808.36,5550.77,5331.03
2010-01-22,4064.59,5084.56,4142.82,4662.62,5485.08,5244.01
2010-01-29,4000.12,4981.33,4142.82,4621.12,5477.35,5155.78
2010-02-05,3990.85,4969.42,4142.82,4691.29,5587.35,5214.11
2010-02-12,3956.54,4917.04,4142.82,4733.95,5589.0,5254.31
2010-02-19,4116.3,5071.08,4142.82,4944.53,5754.93,5434.52
2010-02-26,4157.9,5174.01,4142.82,5001.6,5860.13,5510.5
2010-03-05,4297.81,5308.36,4142.82,5194.29,6003.9,5660.01
2010-03-12,4322.68,5346.64,4142.82,5225.43,6011.13,5639.21
2010-03-19,4381.52,5442.29,4142.82,5335.43,6121.11,5700.5
2010-03-26,4423.13,5487.78,4142.82,5410.28,6166.29,5711.12
2010-04-02,4383.27,5427.74,4142.82,5322.91,6042.69,5678.95
2010-04-09,4432.54,5489.95,4142.82,5374.1,6066.02,5710.61
2010-04-16,4409.42,5414.24,4142.82,5369.94,6087.32,5679.03
2010-04-23,4449.17,5428.81,4142.82,5472.47,6145.47,5741.47
2010-04-30,4388.78,5412.35,4142.82,5377.46,6127.74,5716.68
2010-05-07,4278.25,5236.46,4142.82,5180.1,6108.74,5657.82
2010-05-14,4326.02,5419.19,4142.82,5413.88,6316.76,5859.4
2010-05-21,4188.92,5358.39,4142.82,5208.91,6231.86,5724.97
2010-05-28,4195.72,5349.58,4142.82,5229.51,6237.08,5787.36
2010-06-04,4196.56,5329.87,4142.82,5111.22,6176.9,5700.42
2010-06-11,4219.46,5375.62,4142.82,5207.65,6220.7,5787.5
2010-06-18,4227.78,5406.59,4142.82,5228.77,6190.84,5801.94
2010-06-25,4158.45,5338.19,4142.82,4976.13,6000.96,5689.25
2010-07-02,4031.9,5141.06,4142.82,4668.35,5792.8,5455.2
2010-07-09,4046.4,5147.95,4142.82,4974.03,6011.3,5633.79
2010-07-16,4030.22,5098.93,4142.82,4837.72,5909.31,5512.15
2010-07-23,4000.84,5034.72,4142.82,4968.94,5969.26,5607.75
2010-07-30,3968.85,4972.09,4142.82,4878.35,5885.3,5570.55
2010-08-06,3935.74,4931.71,4142.82,4894.43,5877.68,5540.54
2010-08-13,4006.43,4999.84,4142.82,4821.04,5915.12,5537.73
2010-08-20,4055.43,5035.75,4142.82,4804.5,5919.1,5561.3
2010-08-27,4016.53,4995.53,4142.82,4774.79,5891.96,5553.33
2010-09-03,4063.21,5063.54,4142.82,4982.65,6036.17,5700.75
2010-09-10,4055.53,5077.87,4142.82,5041.39,6079.43,5729.36
2010-09-17,4069.44,5105.54,4142.82,5023.19,6031.8,5708.19
2010-09-24,4058.33,5047.23,4142.82,5062.73,6055.65,5726.95
2010-10-01,4079.18,5047.76,4142.82,5056.18,6072.22,5754.89
2010-10-08,4134.0,5125.3,4142.82,5096.07,6106.29,5816.01
2010-10-15,4171.92,5167.38,4142.82,5137.28,6099.16,5830.42
2010-10-22,4221.96,5253.56,4142.82,5267.59,6245.26,5924.49
2010-10-29,4148.2,5127.4,4142.82,5156.5,6103.79,5828.93
2010-11-05,4234.3,5277.28,4142.82,5293.6,6198.48,5945.6
2010-11-12,4115.26,5059.16,4142.82,5204.86,6112.83,5810.86
2010-11-19,4128.92,5165.05,4142.82,5252.09,6144.43,5856.96
2010-11-26,4184.52,5234.28,4142.82,5338.52,6269.13,5973.82
2010-12-03,4287.51,5456.16,4142.82,5434.62,6275.27,6048.41
2010-12-10,4267.49,5383.02,4142.82,5498.86,6252.56,6007.85
2010-12-17,4363.47,5506.02,4142.82,5618.26,6384.66,6105.2
2010-12-24,4434.11,5584.47,4142.82,5712.34,6455.99,6207.05
2010-12-31,4462.56,5686.73,4142.82,5652.37,6403.38,6227.26
2011-01-07,4412.36,5510.66,4142.82,5737.06,6467.56,6201.04
2011-01-14,4370.52,5408.87,4142.82,5715.83,6402.1,6154.2
2011-01-21,4250.09,5337.02,4142.82,5628.89,6311.63,6042.08
2011-01-28,4258.94,5362.14,4142.82,5649.75,6366.52,6071.95
2011-02-04,4286.09,5392.93,4142.82,5712.08,6312.02,6047.12
2011-02-11,4334.9,5462.71,4142.82,5836.09,6410.92,6072.68
2011-02-18,4308.03,5412.6,4142.82,5808.91,6366.76,6055.04
2011-02-25,4265.47,5422.82,4142.82,5759.89,6386.26,6135.69
2011-03-04,4265.27,5405.65,4142.82,5713.06,6321.17,6140.27
2011-03-11,4185.94,5254.84,4142.82,5708.13,6363.76,6132.13
2011-03-18,4145.67,5180.67,4142.82,5545.67,6257.19,6055.98
2011-03-25,4209.65,5336.13,4142.82,5767.15,6402.28,6242.66
2011-04-01,4227.29,5367.76,4142.82,5823.86,6431.03,6270.74
2011-04-08,4290.36,5529.5,4142.82,5715.66,6292.33,6202.1
2011-04-15,4279.99,5588.75,4142.82,5702.53,6328.12,6233.04
2011-04-22,4335.88,5745.51,4142.82,5704.0,6300.79,6266.81
2011-04-29,4288.79,5718.77,4142.82,5758.29,6336.31,6274.21
2011-05-06,4221.59,5647.36,4142.82,5777.8,6426.65,6136.9
2011-05-13,4238.32,5700.46,4142.82,5831.47,6494.22,6181.51
2011-05-20,4207.21,5623.41,4142.82,5804.13,6478.62,6176.16
2011-05-27,4186.07,5551.84,4142.82,5700.02,6384.78,6151.03
2011-06-03,4143.69,5516.11,4142.82,5594.19,6345.79,6157.31
2011-06-10,4119.33,5481.74,4142.82,5539.19,6346.75,6156.19
2011-06-17,4072.02,5398.85,4142.82,5554.65,6369.35,6098.1
2011-06-24,4042.53,5391.19,4142.82,5627.09,6473.16,6162.66
2011-07-01,4023.5,5372.17,4142.82,5902.7,6575.11,6249.15
2011-07-08,4091.93,5530.51,4142.82,5927.39,6632.32,6324.8
2011-07-15,4092.23,5556.29,4142.82,5781.48,6544.78,6316.11
2011-07-22,4109.62,5637.08,4142.82,5848.37,6554.46,6325.88
2011-07-29,4063.42,5493.8,4142.82,5564.11,6377.46,6206.81
2011-08-05,4027.09,5343.67,4142.82,5183.25,6165.63,5941.28
2011-08-12,4095.22,5474.64,4142.82,5139.18,6227.17,5981.47
2011-08-19,4144.57,5615.71,4142.82,4845.52,6036.32,5883.19
2011-08-26,4097.87,5455.63,4142.82,5105.99,6207.97,5985.32
2011-09-02,4168.77,5537.14,4142.82,5145.36,6299.09,6100.85
2011-09-09,4212.11,5590.72,4142.82,5166.08,6389.75,6142.65
2011-09-16,4174.45,5550.85,4142.82,5479.79,6586.1,6224.5
2011-09-23,4205.67,5694.75,4142.82,5231.82,6526.26,5985.59
2011-09-30,4148.18,5558.82,4142.82,5168.62,6444.35,5848.61
2011-10-07,4129.11,5557.14,4142.82,5295.63,6499.32,5922.29
2011-10-14,4093.68,5455.95,4142.82,5514.5,6565.25,6066.49
2011-10-21,4040.12,5334.5,4142.82,5529.77,6561.62,5975.66
2011-10-28,4071.85,5402.1,4142.82,5677.84,6614.31,6183.81
2011-11-04,4081.56,5422.91,4142.82,5569.7,6618.04,6139.03
2011-11-11,4071.23,5452.4,4142.82,5609.25,6627.56,6109.55
2011-11-18,4005.76,5357.5,4142.82,5493.87,6615.91,6040.3
2011-11-25,3982.71,5328.18,4142.82,5356.8,6600.69,6003.7
2011-12-02,3997.92,5418.0,4142.82,5698.13,6790.83,6207.15
2011-12-09,3951.98,5336.79,4142.82,5724.88,6793.89,6135.64
2011-12-16,3943.06,5271.56,4142.82,5601.69,6782.28,6023.42
2011-12-23,3949.51,5243.47,4142.82,5800.81,6869.98,6096.38
2011-12-30,3947.6,5249.13,4142.82,5782.54,6904.01,6090.03
2012-01-06,4003.56,5312.17,4142.82,5936.22,7009.75,6173.01
2012-01-13,4065.89,5332.83,4142.82,6033.33,7116.43,6250.46
2012-01-20,4054.94,5264.96,4142.82,6068.59,7062.02,6240.92
2012-01-27,4085.28,5312.99,4142.82,5999.35,7019.54,6338.17
2012-02-03,4090.91,5283.74,4142.82,6094.01,7062.97,6330.09
2012-02-10,4082.21,5244.6,4142.82,6112.44,7087.23,6304.09
2012-02-17,4076.37,5190.14,4142.82,6174.11,7108.96,6335.67
2012-02-24,4077.36,5193.82,4142.82,6178.77,7110.84,6396.37
2012-03-02,4067.33,5151.2,4142.82,6212.85,7143.5,6368.88
2012-03-09,4088.48,5184.86,4142.82,6287.8,7215.34,6373.71
2012-03-16,4077.4,5202.84,4142.82,6370.65,7191.49,6302.06
2012-03-23,4058.82,5198.58,4142.82,6333.46,7172.53,6234.99
2012-03-30,4056.07,5204.37,4142.82,6324.32,7147.38,6153.86
2012-04-06,4063.42,5220.44,4142.82,6353.96,7211.23,5909.94
2012-04-13,3996.4,5110.97,4142.82,6226.58,7158.6,6123.13
2012-04-20,3948.58,5094.24,4142.82,6156.16,7066.42,6040.05
2012-04-27,3945.31,5160.28,4142.82,6209.97,7087.87,6059.48
2012-05-04,3948.65,5148.47,4142.82,6102.43,7044.35,6016.93
2012-05-11,3946.59,5156.84,4142.82,6068.25,7045.83,5984.51
2012-05-18,3981.92,5194.36,4142.82,5902.51,6996.85,5715.9
2012-05-25,3991.86,5199.4,4142.82,6067.18,7136.42,5747.81
2012-06-01,4072.81,5329.13,4142.82,6002.63,7208.36,6012.22
2012-06-08,4037.16,5290.89,4142.82,6190.43,7284.04,6046.06
2012-06-15,4006.8,5247.54,4142.82,6171.56,7238.78,6029.64
2012-06-22,3992.15,5235.85,4142.82,6191.1,7253.31,6031.76
2012-06-29,3991.55,5265.68,4142.82,6275.17,7300.32,5885.59
2012-07-06,4075.0,5346.92,4142.82,6331.69,7404.88,6235.59
2012-07-13,4083.13,5378.36,4142.82,6303.59,7379.41,5960.3
2012-07-20,4076.08,5369.29,4142.82,6318.2,7390.32,6000.8
2012-07-27,4039.75,5310.49,4142.82,6375.04,7389.74,6251.19
2012-08-03,4079.46,5364.19,4142.82,6445.63,7454.62,6021.48
2012-08-10,4054.07,5335.58,4142.82,6493.77,7469.07,6295.79
2012-08-17,4073.69,5376.36,4142.82,6554.06,7476.77,6288.82
2012-08-24,4039.88,5324.98,4142.82,6473.84,7428.55,6022.6
2012-08-31,4038.96,5325.82,4142.82,6438.79,7424.0,6022.83
2012-09-07,4053.44,5337.22,4142.82,6522.59,7434.37,6324.82
2012-09-14,4067.48,5356.49,4142.82,6566.74,7394.42,6101.04
2012-09-21,3999.49,5223.65,4142.82,6535.99,7396.7,6326.5
2012-09-28,3962.72,5187.79,4142.82,6473.38,7385.11,6044.56
2012-10-05,3983.43,5192.25,4142.82,6585.06,7452.56,6078.07
2012-10-12,3915.74,5100.53,4142.82,6463.4,7390.46,6075.6
2012-10-19,3896.19,5062.3,4142.82,6510.32,7411.69,6085.97
2012-10-26,3851.92,4981.75,4142.82,6382.23,7309.4,5978.91
2012-11-02,3874.52,5025.21,4142.82,6425.11,7362.39,6260.7
2012-11-09,3844.7,4947.97,4142.82,6319.69,7339.91,6288.71
2012-11-16,3833.23,4922.38,4142.82,6241.4,7293.36,6006.6
2012-11-23,3818.41,4928.88,4142.82,6411.53,7364.82,6079.27
2012-11-30,3817.08,4904.67,4142.82,6450.89,7412.96,6358.56
2012-12-07,3802.75,4816.43,4142.82,6456.37,7411.7,6358.42
2012-12-14,3791.09,4812.94,4142.82,6389.98,7327.31,6009.88
2012-12-21,3789.01,4803.87,4142.82,6465.13,7368.13,6026.39
2012-12-28,3777.94,4783.99,4142.82,6336.43,7293.11,6288.52
2013-01-04,3875.89,4939.46,4142.82,6673.88,7501.38,6390.53
2013-01-11,3852.5,4870.68,4142.82,6675.0,7501.83,6383.44
2013-01-18,3931.7,4973.07,4142.82,6847.0,7673.84,6559.56
2013-01-25,3942.44,5032.28,4142.82,6964.84,7745.17,6561.56
2013-02-01,3997.34,5120.54,4142.82,7059.8,7812.63,6626.79
2013-02-08,3921.39,5014.61,4142.82,7035.57,7794.84,6264.99
2013-02-15,3972.88,5086.58,4142.82,7181.1,7941.93,6621.52
2013-02-22,3994.46,5181.83,4142.82,7335.58,8130.22,6711.81
2013-03-01,3993.39,5209.43,4142.82,7408.01,8235.37,6772.54
2013-03-08,4019.66,5364.45,4142.82,7627.87,8358.76,6871.88
2013-03-15,3970.41,5344.59,4142.82,7586.36,8309.63,6808.67
2013-03-22,3930.34,5316.57,4142.82,7515.71,8255.48,6752.16
2013-03-29,3945.06,5351.89,4142.82,7580.44,8320.35,6495.23
2013-04-05,3896.68,5271.3,4142.82,7443.16,8235.8,6686.11
2013-04-12,3922.43,5405.46,4142.82,7612.86,8348.11,6708.38
2013-04-19,3942.01,5437.43,4142.82,7508.92,8305.12,6652.67
2013-04-26,3882.9,5264.82,4142.82,7523.92,8273.88,6622.69
2013-05-03,3875.83,5262.69,4142.82,7620.16,8300.05,6659.43
2013-05-10,3908.42,5318.58,4142.82,7824.18,8457.39,6740.71
2013-05-17,3963.09,5464.13,4142.82,8097.05,8669.94,6798.72
2013-05-24,3898.68,5326.34,4142.82,8042.43,8628.05,6759.5
2013-05-31,3836.38,5143.32,4142.82,7900.28,8483.2,6622.78
2013-06-07,3784.76,5009.02,4142.82,7792.65,8329.51,6460.81
2013-06-14,3758.33,4973.99,4142.82,7642.54,8212.29,6348.97
2013-06-21,3721.14,4889.49,4142.82,7628.19,8161.85,6262.62
2013-06-28,3747.57,5019.34,4142.82,7778.91,8318.79,6368.28
2013-07-05,3858.52,5278.07,4142.82,8100.36,8546.85,6227.03
2013-07-12,3890.5,5344.4,4142.82,8200.01,8609.17,6571.72
2013-07-19,3885.61,5327.78,4142.82,8196.95,8601.59,6296.49
2013-07-26,3826.98,5180.33,4142.82,8131.36,8517.53,6209.47
2013-08-02,3848.1,5250.45,4142.82,8266.45,8620.11,6512.19
2013-08-09,3818.97,5142.72,4142.82,8077.7,8460.76,6435.75
2013-08-16,3786.29,5047.06,4142.82,7850.5,8225.6,6415.35
2013-08-23,3756.54,5032.74,4142.82,7917.07,8281.26,6176.93
2013-08-30,3709.67,4992.58,4142.82,7805.86,8226.08,6432.37
2013-09-06,3739.06,5051.87,4142.82,7855.42,8204.63,6437.2
2013-09-13,3741.9,5039.11,4142.82,7887.97,8192.89,6366.45
2013-09-20,3738.79,4977.37,4142.82,7922.05,8232.83,6377.9
2013-09-27,3682.86,4861.73,4142.82,7779.27,8139.35,6039.07
2013-10-04,3665.55,4820.53,4142.82,7839.74,8202.92,6346.47
2013-10-11,3629.88,4774.38,4142.82,7929.12,8266.56,6399.66
2013-10-18,3619.7,4783.22,4142.82,8015.69,8308.92,6400.24
2013-10-25,3592.71,4735.53,4142.82,8088.48,8380.76,6399.03
2013-11-01,3593.04,4744.23,4142.82,8222.69,8489.35,6409.01
2013-11-08,3537.22,4679.75,4142.82,8223.42,8448.24,6303.86
2013-11-15,3546.02,4710.58,4142.82,8301.8,8503.64,6311.26
2013-11-22,3546.66,4719.65,4142.82,8281.1,8464.71,6268.5
2013-11-29,3542.56,4702.13,4142.82,8217.63,8397.28,6232.84
2013-12-06,3519.58,4650.15,4142.82,8225.29,8381.42,6242.12
2013-12-13,3476.09,4596.87,4142.82,8120.33,8319.08,6247.19
2013-12-20,3517.68,4692.0,4142.82,8305.92,8432.42,6273.65
2013-12-27,3509.19,4656.08,4142.82,8333.05,8401.31,6260.15
2014-01-03,3464.77,4618.17,4142.82,8322.93,8403.85,6235.95
2014-01-10,3470.71,4633.8,4142.82,8347.42,8440.9,6217.04
2014-01-17,3464.26,4599.97,4142.82,8354.49,8469.29,6268.81
2014-01-24,3468.66,4637.93,4142.82,8107.95,8330.29,6237.88
2014-01-31,3417.96,4583.49,4142.82,8097.3,8353.93,6219.61
2014-02-07,3394.18,4493.35,4142.82,8179.62,8408.55,6293.78
2014-02-14,3405.15,4532.04,4142.82,8210.82,8350.82,6274.76
2014-02-21,3489.76,4748.37,4142.82,8268.92,8415.1,6397.53
2014-02-28,3457.83,4640.81,4142.82,8313.4,8435.07,6353.95
2014-03-07,3473.2,4654.67,4142.82,8416.18,8468.15,6358.12
2014-03-14,3441.2,4576.9,4142.82,8287.95,8444.47,6302.07
2014-03-21,3437.2,4585.26,4142.82,8476.37,8561.87,6333.09
2014-03-28,3402.93,4536.69,4142.82,8366.6,8469.3,6341.26
2014-04-04,3406.38,4565.94,4142.82,8439.92,8528.12,6375.97
2014-04-11,3382.74,4535.81,4142.82,8140.91,8347.84,6326.13
2014-04-18,3390.97,4583.01,4142.82,8329.5,8423.57,6344.6
2014-04-25,3377.75,4590.47,4142.82,8321.23,8427.76,6323.82
2014-05-02,3358.13,4572.08,4142.82,8364.73,8460.99,6322.93
2014-05-09,3334.26,4543.49,4142.82,8371.97,8476.0,6300.54
2014-05-16,3327.66,4550.03,4142.82,8392.5,8520.02,6360.21
2014-05-23,3330.46,4546.09,4142.82,8488.27,8578.8,6391.99
2014-05-30,3369.4,4605.75,4142.82,8631.95,8694.66,6427.15
2014-06-06,3384.21,4614.03,4142.82,8726.58,8708.11,6444.63
2014-06-13,3357.45,4591.55,4142.82,8587.01,8591.01,6399.07
2014-06-20,3359.65,4589.81,4142.82,8685.08,8640.33,6447.37
2014-06-27,3313.88,4530.39,4142.82,8668.57,8649.4,6443.67
2014-07-04,3321.19,4537.3,4142.82,8712.71,8623.52,6424.25
2014-07-11,3297.11,4526.06,4142.82,8668.01,8643.3,6394.0
2014-07-18,3296.31,4510.97,4142.82,8726.54,8689.57,6389.96
2014-07-25,3352.29,4544.72,4142.82,8783.98,8750.9,6458.57
2014-08-01,3343.27,4511.17,4142.82,8630.52,8685.06,6431.54
2014-08-08,3325.55,4530.84,4142.82,8687.73,8748.77,6454.58
2014-08-15,3350.82,4568.83,4142.82,8842.95,8886.17,6503.21
2014-08-22,3383.2,4578.28,4142.82,9065.76,9029.16,6566.98
2014-08-29,3390.8,4583.01,4142.82,9119.48,9072.68,6607.14
2014-09-05,3463.67,4696.03,4142.82,9289.69,9205.39,6683.96
2014-09-12,3398.08,4572.51,4142.82,9230.8,9143.39,6578.38
2014-09-19,3373.45,4507.09,4142.82,9335.94,9210.58,6541.85
2014-09-26,3373.36,4500.58,4142.82,9227.63,9167.97,6527.61
2014-10-03,3359.18,4542.98,4142.82,9322.05,9314.35,6576.11
2014-10-10,3341.48,4490.66,4142.82,8980.04,9131.87,6491.45
2014-10-17,3337.15,4462.76,4142.82,8871.88,9088.53,6479.7
2014-10-24,3318.0,4423.43,4142.82,9249.64,9300.68,6529.18
2014-10-31,3355.37,4508.0,4142.82,9552.08,9485.85,6630.96
2014-11-07,3382.92,4549.71,4142.82,9707.62,9620.89,6678.66
2014-11-14,3385.93,4611.55,4142.82,9875.63,9768.26,6763.53
2014-11-21,3394.08,4642.27,4142.82,9999.95,9850.32,6812.85
2014-11-28,3398.42,4726.6,4142.82,10036.64,9911.76,6723.9
2014-12-05,3398.14,4723.74,4142.82,10118.61,9945.1,6732.96
2014-12-12,3335.78,4678.77,4142.82,9683.94,9715.64,6567.66
2014-12-19,3337.45,4657.71,4142.82,10069.07,9942.78,6623.04
2014-12-26,3366.1,4718.01,4142.82,10207.33,10019.38,6607.8
2015-01-02,3383.24,4751.37,4142.82,10210.13,10114.76,6646.96
2015-01-09,3410.67,4834.77,4142.82,10264.52,10247.87,6730.77
2015-01-16,3437.45,4897.81,4142.82,10140.67,10219.46,6780.8
2015-01-23,3494.55,5026.31,4142.82,10415.55,10432.86,6855.06
2015-01-30,3427.36,4931.4,4142.82,10088.76,10270.19,6746.52
2015-02-06,3380.49,4778.57,4142.82,10275.74,10235.14,6702.26
2015-02-13,3400.67,4767.75,4142.82,10378.35,10227.72,6711.01
2015-02-20,3433.6,4806.49,4142.82,10454.49,10252.2,6690.62
2015-02-27,3431.25,4807.91,4142.82,10394.95,10244.22,6674.04
2015-03-06,3448.87,4831.8,4142.82,10513.6,10347.07,6724.22
2015-03-13,3486.05,4896.47,4142.82,10634.99,10542.42,6809.11
2015-03-20,3523.86,4945.73,4142.82,10773.21,10636.28,6887.58
2015-03-27,3485.39,4908.3,4142.82,10581.59,10533.97,6889.42
2015-04-03,3495.72,4909.06,4142.82,10654.35,10610.87,6968.03
2015-04-10,3595.5,4945.15,4142.82,10984.75,10850.23,7113.21
2015-04-17,3497.31,4819.07,4142.82,10639.26,10586.46,6996.17
2015-04-24,3482.18,4791.39,4142.82,10665.16,10524.0,6909.0
2015-05-01,3419.62,4651.27,4142.82,10647.75,10460.3,6949.47
2015-05-08,3334.94,4487.32,4142.82,10476.63,10272.35,6823.68
2015-05-15,3317.49,4448.49,4142.82,10336.43,10119.95,6768.55
2015-05-22,3344.11,4523.97,4142.82,10523.74,10271.24,6794.87
2015-05-29,3323.14,4524.7,4142.82,10566.13,10376.88,6787.44
2015-06-05,3320.42,4519.72,4142.82,10513.14,10260.83,6704.94
2015-06-12,3275.81,4433.43,4142.82,10328.15,10082.31,6609.9
2015-06-19,3230.66,4369.95,4142.82,10191.01,9964.44,6459.27
2015-06-26,3239.27,4367.36,4142.82,10248.91,9972.15,6526.49
2015-07-03,3214.72,4324.47,4142.82,10213.35,10012.05,6534.07
2015-07-10,3189.85,4206.35,4142.82,10277.65,10070.9,6491.87
2015-07-17,3215.98,4207.62,4142.82,10473.05,10182.86,6479.4
2015-07-24,3192.02,4170.63,4142.82,10308.29,10134.86,6376.85
2015-07-31,3200.36,4168.42,4142.82,10363.49,10165.18,6332.94
2015-08-07,3212.31,4185.91,4142.82,10324.62,10181.98,6341.05
2015-08-14,3177.86,4138.34,4142.82,10291.37,10114.46,6269.5
2015-08-21,3162.59,4135.38,4142.82,9692.14,9798.33,6076.07
2015-08-28,3132.16,4075.68,4142.82,9956.0,9992.46,6237.71
2015-09-04,3129.32,4072.44,4142.82,9762.22,9959.89,6217.17
2015-09-11,3118.03,4040.18,4142.82,9805.1,9900.77,6205.89
2015-09-18,3117.26,4042.24,4142.82,9720.72,9844.19,6152.82
2015-09-25,3117.83,4059.29,4142.82,9822.42,9990.13,6219.25
2015-10-02,3140.08,4120.77,4142.82,9927.88,10113.65,6265.59
2015-10-09,3143.61,4135.64,4142.82,10160.83,10181.52,6376.51
2015-10-16,3151.36,4155.64,4142.82,10174.3,10178.17,6336.08
2015-10-23,3184.36,4244.97,4142.82,10477.33,10372.89,6365.62
2015-10-30,3135.93,4205.82,4142.82,10418.63,10289.27,6243.26
2015-11-06,3183.14,4241.73,4142.82,10786.71,10551.63,6350.91
2015-11-13,3102.74,4093.28,4142.82,10273.38,10212.09,6122.18
2015-11-20,3136.89,4182.62,4142.82,10652.07,10456.64,6159.82
2015-11-27,3150.76,4217.85,4142.82,10774.61,10588.1,6199.77
2015-12-04,3101.18,4169.07,4142.82,10725.37,10521.94,6173.93
2015-12-11,3061.92,4073.79,4142.82,10246.5,10250.03,5940.11
2015-12-18,3067.19,4082.42,4142.82,10441.7,10438.5,6055.05
2015-12-25,3090.09,4153.86,4142.82,10725.49,10590.87,6160.73
2016-01-01,3099.45,4177.64,4142.82,10753.93,10641.15,6214.92
2016-01-08,3077.34,4088.58,4142.82,10281.05,10482.04,6129.21
2016-01-15,3094.02,4088.58,4142.82,10242.42,10572.43,6060.76
2016-01-22,3092.29,4088.58,4142.82,10384.69,10650.21,6143.86
2016-01-29,3100.21,4088.58,4142.82,10577.8,10824.63,6267.62
2016-02-05,3097.77,4085.23,4142.82,10077.68,10476.82,6053.92
2016-02-12,3097.49,4096.89,4142.82,10002.15,10463.16,5995.99
2016-02-19,3097.77,4103.89,4142.82,10365.7,10709.73,6112.94
2016-02-26,3114.85,4141.71,4142.82,10931.34,11214.57,6377.58
2016-03-04,3106.19,4103.17,4142.82,10951.67,11064.55,6404.48
2016-03-11,3097.82,4055.23,4142.82,10963.26,10994.85,6401.95
2016-03-18,3096.62,4059.52,4142.82,11039.25,11050.86,6455.57
2016-03-25,3088.96,4077.11,4142.82,11218.14,11252.25,6486.82
2016-04-01,3095.04,4100.05,4142.82,11369.11,11365.01,6491.74
2016-04-08,3087.65,4092.77,4142.82,11314.91,11395.51,6537.39
2016-04-15,3079.01,4109.21,4142.82,11434.52,11428.81,6608.94
2016-04-22,3052.81,4015.74,4142.82,11331.17,11252.6,6608.46
2016-04-29,3053.15,3972.14,4142.82,11036.24,11039.27,6539.7
2016-05-06,3077.65,3972.52,4142.82,11148.05,11187.71,6540.45
2016-05-13,3053.3,3898.46,4142.82,11143.2,11224.11,6553.57
2016-05-20,3010.95,3792.07,4142.82,11074.08,11087.01,6461.2
2016-05-27,3004.58,3784.63,4142.82,11240.2,11149.19,6474.69
2016-06-03,3023.01,3850.52,4142.82,11319.35,11286.5,6623.38
2016-06-10,3068.7,3929.01,4142.82,11518.25,11512.68,6792.64
2016-06-17,3044.43,3904.61,4142.82,11288.65,11348.06,6716.26
2016-06-24,3048.23,4061.77,4142.82,11676.81,11839.25,7027.14
2016-07-01,3155.94,4393.22,4142.82,12432.36,12484.52,7525.06
2016-07-08,3240.4,4509.88,4142.82,12897.95,12917.14,7660.96
2016-07-15,3161.02,4351.93,4142.82,12876.75,12734.21,7592.1
2016-07-22,3151.93,4342.51,4142.82,13021.61,12853.61,7600.11
2016-07-29,3148.67,4367.37,4142.82,12894.81,12773.77,7573.39
2016-08-05,3170.66,4338.8,4142.82,13115.56,12920.91,7634.43
2016-08-12,3208.66,4371.5,4142.82,13290.2,13109.03,7771.67
2016-08-19,3164.59,4313.26,4142.82,13130.55,12926.34,7720.98
2016-08-26,3103.02,4246.21,4142.82,12998.34,12806.65,7630.7
2016-09-02,3080.61,4208.99,4142.82,12906.05,12700.02,7552.42
2016-09-09,3030.83,4155.23,4142.82,12631.33,12523.6,7501.33
2016-09-16,3031.63,4202.27,4142.82,12958.15,12823.76,7640.2
2016-09-23,3106.77,4315.75,4142.82,13153.74,12979.8,7803.05
2016-09-30,3063.59,4232.99,4142.82,13162.8,12992.86,7791.4
2016-10-07,3145.82,4369.44,4142.82,13658.65,13461.55,8079.53
2016-10-14,3142.98,4365.4,4142.82,13805.54,13633.17,8194.07
2016-10-21,3162.67,4405.48,4142.82,13815.58,13647.15,8193.12
2016-10-28,3156.51,4389.14,4142.82,13770.09,13600.9,8151.32
2016-11-04,3074.39,4244.28,4142.82,13156.61,13126.26,7831.79
2016-11-11,3110.79,4250.99,4142.82,13566.78,13178.15,7731.01
2016-11-18,3158.85,4282.12,4142.82,13975.65,13455.01,7907.39
2016-11-25,3153.78,4374.77,4142.82,14024.35,13418.71,7962.32
2016-12-02,3032.1,4224.98,4142.82,13621.77,13072.23,7815.85
2016-12-09,3175.53,4407.42,4142.82,14225.96,13468.65,8043.82
2016-12-16,3104.16,4356.05,4142.82,14311.14,13506.65,7964.46
2016-12-23,3131.29,4416.45,4142.82,14608.14,13796.03,8112.94
2016-12-30,3094.65,4386.85,4142.82,14407.85,13697.14,8129.28
2017-01-06,3132.05,4322.0,4142.82,14697.45,13892.53,8222.42
2017-01-13,3175.35,4278.38,4142.82,14790.87,14000.58,8385.25
2017-01-20,3118.96,4184.36,4142.82,14555.77,13755.35,8217.82
2017-01-27,3094.08,4151.88,4142.82,14496.16,13640.63,8158.87
2017-02-03,3106.15,4163.48,4142.82,14600.41,13742.98,8193.36
2017-02-10,3157.48,4245.16,4142.82,14724.95,13830.86,8280.98
2017-02-17,3178.64,4250.58,4142.82,15048.31,14047.07,8315.32
2017-02-24,3172.5,4220.52,4142.82,15094.83,14098.48,8298.7
2017-03-03,3192.61,4241.07,4142.82,15403.18,14274.59,8369.16
2017-03-10,3149.88,4170.76,4142.82,15521.94,14370.35,8331.25
2017-03-17,3147.54,4194.13,4142.82,15257.54,14156.4,8288.52
2017-03-24,3108.9,4181.23,4142.82,14959.99,13992.31,8250.05
2017-03-31,3076.78,4126.81,4142.82,14983.29,13976.24,8239.89
2017-04-07,3077.92,4156.79,4142.82,15170.58,14172.7,8368.2
2017-04-14,3019.8,4112.39,4142.82,14837.08,13993.0,8287.53
2017-04-21,2960.58,4009.25,4142.82,14617.11,13735.62,8049.08
2017-04-28,2933.4,3989.01,4142.82,14667.51,13687.37,7999.7
2017-05-05,2948.0,3967.71,4142.82,14733.12,13689.72,7924.97
2017-05-12,2957.32,3978.94,4142.82,14789.51,13768.24,8024.41
2017-05-19,2875.47,3832.35,4142.82,14588.57,13639.13,8007.08
2017-05-26,2908.87,3898.46,4142.82,15058.43,13998.29,8168.38
2017-06-02,2923.89,3917.41,4142.82,15116.9,14035.08,8124.51
2017-06-09,2912.21,3905.74,4142.82,15241.43,14151.7,8180.69
2017-06-16,2860.13,3857.92,4142.82,15219.05,14144.74,8101.74
2017-06-23,2862.21,3866.27,4142.82,15325.77,14237.16,8137.07
2017-06-30,2783.02,3753.99,4142.82,14882.12,13795.22,7984.18
2017-07-07,2783.28,3748.65,4142.82,15058.51,13917.09,7967.42
2017-07-14,2783.45,3716.43,4142.82,15032.32,13849.36,7981.05
2017-07-21,2817.53,3780.68,4142.82,15231.02,14040.59,8099.46
2017-07-28,2829.99,3822.18,4142.82,15071.09,13876.28,8083.41
2017-08-04,2844.0,3832.87,4142.82,15211.46,14009.8,8114.96
2017-08-11,2836.63,3848.06,4142.82,15040.52,13954.51,8132.96
2017-08-18,2829.59,3874.77,4142.82,15116.16,14057.4,8216.2
2017-08-25,2848.88,3973.08,4142.82,15224.87,14129.07,8280.02
2017-09-01,2847.94,3980.55,4142.82,15342.74,14171.09,8331.95
2017-09-08,2771.43,3877.05,4142.82,14983.51,13910.12,8164.94
2017-09-15,2702.93,3819.15,4142.82,14770.96,13585.61,7959.69
2017-09-22,2700.1,3815.97,4142.82,14883.54,13649.53,7978.04
2017-09-29,2700.24,3792.58,4142.82,15106.52,13794.12,8042.38
2017-10-06,2745.19,3911.85,4142.82,15681.87,14240.18,8262.75
2017-10-13,2727.16,3876.61,4142.82,15463.08,14066.44,8249.58
2017-10-20,2732.53,3894.04,4142.82,15712.02,14207.04,8268.84
2017-10-27,2716.03,3870.36,4142.82,15817.17,14279.93,8306.84
2017-11-03,2734.64,3903.82,4142.82,15925.23,14397.03,8391.54
2017-11-10,2696.11,3840.41,4142.82,15770.18,14236.95,8336.52
2017-11-17,2648.67,3808.92,4142.82,15721.85,14215.46,8322.62
2017-11-24,2635.1,3813.42,4142.82,15729.75,14176.6,8297.86
2017-12-01,2539.86,3712.26,4142.82,15814.07,14161.92,8156.8
2017-12-08,2511.04,3667.03,4142.82,15988.94,14296.58,8100.31
2017-12-15,2510.92,3715.86,4142.82,16207.77,14456.17,8184.25
2017-12-22,2530.73,3665.95,4142.82,16210.85,14394.17,8213.2
2017-12-29,2530.33,3674.01,4142.82,16008.72,14253.04,8249.37
2018-01-05,2556.56,3663.2,4142.82,16315.81,14362.99,8269.28
2018-01-12,2567.64,3687.2,4142.82,16395.2,14309.37,8270.42
2018-01-19,2549.02,3636.27,4142.82,16402.15,14224.67,8202.74
2018-01-26,2541.81,3608.87,4142.82,16400.92,14103.81,8169.6
2018-02-02,2482.61,3553.41,4142.82,15804.45,13728.42,7963.07
2018-02-09,2453.0,3458.44,4142.82,15317.97,13581.11,7833.31
2018-02-16,2454.07,3471.43,4142.82,15761.98,13726.17,7928.87
2018-02-23,2451.4,3463.51,4142.82,15930.39,13847.76,7983.0
2018-03-02,2407.97,3431.89,4142.82,15791.06,13843.31,7983.7
2018-03-09,2424.17,3448.11,4142.82,16302.81,14086.91,8044.86
2018-03-16,2393.5,3419.62,4142.82,15995.88,13914.11,7969.12
2018-03-23,2295.54,3366.08,4142.82,14846.69,13245.64,7705.69
2018-03-30,2287.05,3360.69,4142.82,15264.17,13537.52,7862.49
2018-04-06,2261.82,3264.11,4142.82,14988.93,13358.45,7765.51
2018-04-13,2283.06,3353.7,4142.82,15142.95,13367.0,7798.17
2018-04-20,2307.26,3411.16,4142.82,15478.6,13580.04,7943.63
2018-04-27,2304.93,3472.8,4142.82,15727.3,13800.52,8044.99
2018-05-04,2329.61,3560.75,4142.82,15988.95,14054.86,8205.55
2018-05-11,2337.51,3611.48,4142.82,16382.14,14245.44,8276.46
2018-05-18,2350.56,3637.06,4142.82,16377.63,14236.19,8263.21
2018-05-25,2346.09,3601.12,4142.82,16635.6,14507.41,8400.73
2018-06-01,2330.79,3550.37,4142.82,16665.05,14515.9,8371.17
2018-06-08,2348.74,3541.07,4142.82,16871.56,14589.34,8395.08
2018-06-15,2335.06,3510.73,4142.82,17038.29,14736.67,8407.76
2018-06-22,2326.28,3479.9,4142.82,16925.43,14703.66,8376.47
2018-06-29,2333.78,3526.8,4142.82,16773.45,14665.8,8356.67
2018-07-06,2322.79,3505.75,4142.82,16932.57,14734.02,8308.74
2018-07-13,2297.59,3455.56,4142.82,17256.69,14929.07,8295.41
2018-07-20,2300.07,3451.82,4142.82,17390.77,15021.13,8321.38
2018-07-27,2288.4,3410.44,4142.82,17537.15,15086.03,8376.18
2018-08-03,2281.14,3429.62,4142.82,17815.85,15289.21,8440.8
2018-08-10,2266.87,3462.45,4142.82,18102.5,15582.73,8562.23
2018-08-17,2243.27,3433.66,4142.82,18263.3,15688.28,8526.54
2018-08-24,2243.41,3434.98,4142.82,18276.47,15671.19,8541.04
2018-08-31,2246.78,3443.39,4142.82,18303.83,15621.05,8466.98
2018-09-07,2221.73,3395.77,4142.82,18181.44,15543.65,8347.79
2018-09-14,2218.65,3385.9,4142.82,18175.75,15450.25,8280.38
2018-09-21,2221.85,3378.52,4142.82,18323.25,15497.57,8432.54
2018-09-28,2241.29,3403.45,4142.82,18305.88,15517.74,8471.16
2018-10-05,2220.58,3374.67,4142.82,18002.88,15247.0,8333.24
2018-10-12,2183.36,3295.24,4142.82,17214.78,14845.22,8221.17
2018-10-19,2183.36,3289.62,4142.82,17341.81,14938.78,8256.44
2018-10-26,2168.53,3261.01,4142.82,16970.89,14908.72,8317.08
2018-11-02,2153.4,3248.13,4142.82,17206.8,14917.66,8280.78
2018-11-09,2170.84,3306.0,4142.82,17565.34,15115.33,8258.0
2018-11-16,2217.97,3433.96,4142.82,17503.42,15203.13,8449.1
2018-11-23,2188.98,3353.07,4142.82,16859.83,14879.96,8329.31
2018-11-30,2211.67,3449.75,4142.82,17737.43,15402.42,8494.11
2018-12-07,2149.02,3338.16,4142.82,16996.85,15095.63,8452.09
2018-12-14,2096.16,3206.1,4142.82,16981.57,15138.05,8431.84
2018-12-21,2081.7,3203.85,4142.82,15719.73,14493.67,8158.02
2018-12-28,2059.89,3138.68,4142.82,16102.91,14703.09,8175.27
2019-01-04,2039.44,3069.88,4142.82,16365.59,14858.81,8237.85
2019-01-11,2039.19,3077.82,4142.82,16649.1,14950.17,8309.82
2019-01-18,2060.3,3155.37,4142.82,17083.41,15130.52,8419.33
2019-01-25,2032.76,3072.53,4142.82,16614.65,14751.49,8238.53
2019-02-01,2023.12,3038.91,4142.82,17038.32,15062.79,8360.29
2019-02-08,2020.33,3049.74,4142.82,17244.62,15264.52,8402.35
2019-02-15,2035.66,3095.42,4142.82,17757.96,15560.03,8526.46
2019-02-22,2018.63,3061.14,4142.82,17647.92,15435.45,8511.18
2019-03-01,1982.95,2999.73,4142.82,17519.46,15251.28,8359.99
2019-03-08,1976.9,2989.08,4142.82,17402.97,15337.08,8437.16
2019-03-15,1981.49,3008.34,4142.82,17540.88,15309.68,8383.1
2019-03-22,1996.41,3044.86,4142.82,17521.62,15403.5,8429.42
2019-03-29,2023.11,3100.24,4142.82,17968.19,15746.57,8584.84
2019-04-05,2025.63,3123.33,4142.82,18349.06,15912.7,8674.72
2019-04-12,2025.19,3123.92,4142.82,18396.57,15895.61,8654.07
2019-04-19,2026.99,3125.65,4142.82,18508.96,15998.79,8661.78
2019-04-26,2036.39,3139.78,4142.82,18827.01,16237.75,8706.68
2019-05-03,2017.91,3104.45,4142.82,18496.72,15927.91,8518.83
2019-05-10,2000.21,3063.11,4142.82,18368.23,15972.34,8518.04
2019-05-17,2020.53,3097.54,4142.82,18627.86,16280.58,8671.3
2019-05-24,2026.13,3100.58,4142.82,18437.49,16215.77,8626.22
2019-05-31,2033.17,3089.89,4142.82,18067.02,16142.9,8605.59
2019-06-07,2040.78,3107.69,4142.82,18717.56,16475.35,8636.38
2019-06-14,2053.41,3146.85,4142.82,19038.86,16727.85,8743.59
2019-06-21,2056.76,3157.28,4142.82,19219.37,16766.03,8794.11
2019-06-28,2040.28,3132.73,4142.82,19219.83,16815.13,8871.31
2019-07-05,2065.9,3203.18,4142.82,19846.87,17230.95,9018.2
2019-07-12,2054.53,3193.99,4142.82,19912.75,17210.32,9030.32
2019-07-19,2047.09,3173.8,4142.82,19792.79,17212.9,9024.91
2019-07-26,2069.13,3226.34,4142.82,20316.31,17552.53,9112.04
2019-08-02,2073.51,3233.3,4142.82,20043.79,17635.68,9147.88
2019-08-09,2076.54,3316.48,4142.82,20204.0,17859.0,9274.73
2019-08-16,2070.26,3311.68,4142.82,19810.55,17664.77,9196.33
2019-08-23,2067.96,3303.5,4142.82,19317.91,17328.91,9039.42
2019-08-30,2095.65,3397.73,4142.82,20036.45,17804.73,9278.19
2019-09-06,2083.21,3384.25,4142.82,20201.11,17796.65,9305.86
2019-09-13,2049.55,3279.61,4142.82,20057.44,17432.46,9182.54
2019-09-20,1994.68,3233.18,4142.82,20010.34,17510.16,9223.87
2019-09-27,1965.85,3195.33,4142.82,20109.67,17684.33,9248.2
2019-10-04,1943.5,3145.63,4142.82,19972.86,17682.88,9215.12
2019-10-11,1900.54,3018.27,4142.82,19603.68,17201.99,9004.02
2019-10-18,1864.31,2959.47,4142.82,19214.21,16826.89,8825.26
2019-10-25,1898.62,3012.89,4142.82,19674.61,17131.0,9002.43
2019-11-01,1894.07,3012.94,4142.82,19798.85,17185.0,9022.9
2019-11-08,1879.04,2979.75,4142.82,20234.39,17395.44,9102.83
2019-11-15,1842.36,2940.46,4142.82,20212.42,17371.83,8986.68
2019-11-22,1843.2,2942.79,4142.82,20280.04,17476.66,9022.96
2019-11-29,1825.29,2937.48,4142.82,20335.63,17448.84,8902.42
2019-12-06,1816.36,2908.19,4142.82,20054.69,17172.31,8820.27
2019-12-13,1793.66,2886.31,4142.82,19909.38,17010.54,8763.19
2019-12-20,1845.57,2992.62,4142.82,20754.41,17593.04,9076.04
2019-12-27,1845.61,2994.89,4142.82,20753.68,17574.5,9080.89
2020-01-03,1837.41,2989.84,4142.82,20719.13,17602.72,9079.0
2020-01-10,1822.33,2952.63,4142.82,20975.96,17733.7,9123.83
2020-01-17,1826.22,2991.08,4142.82,21455.72,18005.73,9177.61
2020-01-24,1789.27,2922.48,4142.82,21148.5,17889.02,8994.77
2020-01-31,1760.02,2856.59,4142.82,20486.87,17582.12,8740.18
2020-02-07,1771.22,2893.18,4142.82,21682.18,18327.46,9042.13
2020-02-14,1758.28,2882.21,4142.82,21758.59,18277.06,9017.62
2020-02-21,1783.59,2951.57,4142.82,21643.24,18330.21,9114.9
2020-02-28,1740.73,2937.19,4142.82,19434.85,17486.39,8700.36
2020-03-06,1718.94,2896.04,4142.82,19171.09,17429.16,8618.48
2020-03-13,1694.46,2886.78,4142.82,18439.34,17331.42,8422.6
2020-03-20,1698.58,2848.09,4142.82,16674.39,17031.07,8059.38
2020-03-27,1658.64,2741.98,4142.82,17210.4,16841.5,7996.94
2020-04-03,1677.48,2801.14,4142.82,17110.56,16989.24,8099.48
2020-04-10,1663.36,2775.15,4142.82,18885.49,17694.99,8389.07
2020-04-17,1657.41,2770.3,4142.82,19389.6,17974.47,8321.82
2020-04-24,1684.44,2841.94,4142.82,19362.04,18081.41,8219.73
2020-05-01,1658.87,2784.63,4142.82,19146.79,17865.23,8109.35
2020-05-08,1659.85,2796.91,4142.82,19933.75,18307.18,8378.04
2020-05-15,1723.68,2892.87,4142.82,19995.84,18569.89,8473.99
2020-05-22,1723.01,2871.67,4142.82,20526.21,18789.05,8658.89
2020-05-29,1712.01,2825.97,4142.82,20842.32,18833.95,8694.37
2020-06-05,1640.02,2695.97,4142.82,21322.04,18734.12,8711.77
2020-06-12,1664.17,2777.87,4142.82,20521.66,18518.77,8652.23
2020-06-19,1699.57,2832.42,4142.82,21236.23,19017.08,8864.16
2020-06-26,1711.92,2860.76,4142.82,20663.69,18763.03,8764.13
2020-07-03,1700.63,2831.11,4142.82,21276.04,18977.55,8890.04
2020-07-10,1700.35,2817.26,4142.82,21375.61,18938.2,8955.0
2020-07-17,1724.46,2840.07,4142.82,21747.48,19171.34,9005.2
2020-07-24,1765.09,2843.67,4142.82,21307.64,18824.38,8987.77
2020-07-31,1746.19,2824.69,4142.82,21198.79,18620.47,8868.22
2020-08-07,1743.72,2855.06,4142.82,21778.62,18923.59,9148.9
2020-08-14,1686.38,2772.62,4142.82,21864.72,18874.3,9109.94
2020-08-21,1703.29,2804.37,4142.82,22035.37,19004.98,9184.55
2020-08-28,1674.83,2756.41,4142.82,22310.39,18944.46,9146.68
2020-09-04,1682.62,2780.62,4142.82,21917.04,18797.1,9082.99
2020-09-11,1729.99,2864.87,4142.82,22180.61,19256.72,9288.55
2020-09-18,1715.22,2844.86,4142.82,21834.19,18985.66,9262.57
2020-09-25,1677.18,2834.81,4142.82,22003.83,19204.68,9176.23
2020-10-02,1650.36,2782.49,4142.82,22009.82,19066.64,9050.9
2020-10-09,1645.07,2750.36,4142.82,22677.59,19295.53,9259.05
2020-10-16,1659.93,2762.47,4142.82,22939.24,19523.62,9312.61
2020-10-23,1639.4,2732.96,4142.82,22614.16,19224.86,9230.1
2020-10-30,1627.18,2709.11,4142.82,21507.78,18698.06,9054.59
2020-11-06,1645.96,2695.23,4142.82,22711.64,19222.91,9222.59
2020-11-13,1636.63,2693.98,4142.82,23149.71,19385.83,9306.08
2020-11-20,1649.84,2711.71,4142.82,22806.54,19190.54,9290.44
2020-11-27,1659.05,2740.46,4142.82,23300.57,19425.25,9380.43
2020-12-04,1646.92,2739.85,4142.82,23479.37,19379.42,9319.95
2020-12-11,1682.17,2796.67,4142.82,23626.69,19626.1,9472.94
2020-12-18,1656.18,2758.75,4142.82,23383.79,19304.12,9427.25
2020-12-25,1643.98,2729.94,4142.82,23352.94,19294.71,9381.79
2021-01-01,1625.55,2703.15,4142.82,23420.86,19262.56,9355.19
2021-01-08,1617.44,2708.77,4142.82,24079.27,19531.95,9563.61
2021-01-15,1596.36,2688.93,4142.82,23692.32,19342.02,9517.81
2021-01-22,1576.97,2659.38,4142.82,23966.83,19430.21,9501.28
2021-01-29,1565.36,2651.18,4142.82,23136.55,19013.74,9393.23
2021-02-05,1567.16,2674.57,4142.82,24179.05,19465.3,9641.1
2021-02-12,1566.53,2690.61,4142.82,24272.25,19443.14,9708.67
2021-02-19,1562.09,2707.52,4142.82,23856.79,19081.17,9623.85
2021-02-26,1562.09,2716.16,4142.82,23396.54,18845.59,9486.45
2021-03-05,1538.62,2660.5,4142.82,23740.18,18979.74,9508.17
2021-03-12,1525.48,2656.49,4142.82,24254.59,19162.39,9536.9
2021-03-19,1516.32,2615.7,4142.82,24144.48,19081.89,9505.5
2021-03-26,1508.25,2635.83,4142.82,24681.9,19421.98,9550.37
2021-04-02,1498.8,2624.91,4142.82,24889.9,19492.46,9551.25
2021-04-09,1511.6,2663.49,4142.82,25804.82,20028.76,9670.63
2021-04-16,1529.21,2688.68,4142.82,25910.83,20053.93,9752.6
2021-04-23,1539.05,2721.98,4142.82,25803.67,19993.98,9793.63
2021-04-30,1562.3,2766.33,4142.82,25956.45,20069.35,9865.34
2021-05-07,1575.69,2794.64,4142.82,25925.28,19998.8,9925.15
2021-05-14,1531.58,2725.62,4142.82,25389.87,19657.81,9721.39
2021-05-21,1499.48,2665.63,4142.82,25192.46,19536.3,9669.61
2021-05-28,1514.44,2706.32,4142.82,25448.15,19660.43,9801.36
2021-06-04,1521.73,2691.26,4142.82,25651.52,19801.98,9897.43
2021-06-11,1546.86,2711.57,4142.82,25840.03,19970.57,10012.84
2021-06-18,1543.22,2685.6,4142.82,25924.53,20170.15,9985.05
2021-06-25,1568.52,2705.76,4142.82,26487.1,20361.99,10098.63
2021-07-02,1589.97,2750.86,4142.82,27030.57,20718.61,10212.93
2021-07-09,1560.38,2727.25,4142.82,27016.54,20718.51,10145.45
2021-07-16,1562.27,2754.51,4142.82,27016.97,20825.34,10201.67
2021-07-23,1560.9,2846.56,4142.82,27581.22,21128.34,10315.79
2021-07-30,1553.1,2805.36,4142.82,27187.86,20881.72,10199.04
2021-08-06,1534.45,2858.0,4142.82,27500.43,21016.35,10169.05
2021-08-13,1517.07,2801.51,4142.82,27723.92,21143.07,10183.13
2021-08-20,1492.55,2803.28,4142.82,28057.92,21459.85,10159.07
2021-08-27,1512.93,2848.42,4142.82,28212.42,21438.24,10365.46
2021-09-03,1524.26,2864.94,4142.82,28182.73,21364.71,10421.9
2021-09-10,1510.96,2834.51,4142.82,27758.13,21155.84,10406.66
2021-09-17,1517.6,2836.24,4142.82,27805.1,21214.89,10413.3
2021-09-24,1495.72,2807.36,4142.82,28081.39,21333.32,10455.06
2021-10-01,1476.96,2799.75,4142.82,27732.32,21229.58,10542.5
2021-10-08,1484.46,2828.9,4142.82,27821.41,21159.58,10523.25
2021-10-15,1502.38,2887.44,4142.82,28056.67,21215.33,10649.57
2021-10-22,1477.1,2855.6,4142.82,28491.61,21385.78,10627.08
2021-10-29,1460.07,2850.17,4142.82,29034.75,21737.9,10658.6
2021-11-05,1450.27,2840.08,4142.82,30031.07,22409.0,10900.05
2021-11-12,1460.75,2884.86,4142.82,30130.02,22431.83,10951.84
2021-11-19,1451.87,2875.4,4142.82,30158.91,22442.56,10868.66
2021-11-26,1427.74,2864.03,4142.82,29768.77,22345.49,10723.18
2021-12-03,1424.36,2833.48,4142.82,29632.75,22407.4,10624.98
2021-12-10,1406.02,2826.95,4142.82,30683.64,22840.81,10703.26
2021-12-17,1397.92,2804.75,4142.82,30155.35,22649.17,10637.03
2021-12-24,1392.5,2800.98,4142.82,30463.96,22658.88,10658.79
2021-12-31,1378.72,2800.46,4142.82,30479.66,22580.18,10637.26
2022-01-07,1359.39,2755.91,4142.82,29774.71,22065.93,10486.62
2022-01-14,1352.85,2748.36,4142.82,29491.22,21869.09,10536.91
2022-01-21,1363.29,2780.79,4142.82,28055.04,21341.69,10513.25
2022-01-28,1383.08,2821.23,4142.82,28639.3,21678.14,10627.64
2022-02-04,1380.6,2832.84,4142.82,28793.06,21557.94,10625.06
2022-02-11,1381.97,2859.82,4142.82,28203.96,21273.94,10556.36
2022-02-18,1376.41,2834.06,4142.82,27732.61,21049.16,10553.53
2022-02-25,1386.3,2884.34,4142.82,28340.98,21409.83,10699.04
2022-03-04,1453.72,3129.62,4142.82,28350.16,21713.87,11080.38
2022-03-11,1420.88,3107.05,4142.82,27970.8,21482.97,10953.4
2022-03-18,1407.85,3062.1,4142.82,29374.73,21884.78,11064.33
2022-03-25,1443.34,3194.29,4142.82,29908.14,21875.22,11191.76
2022-04-01,1436.02,3155.78,4142.82,30075.29,22049.2,11249.38
2022-04-08,1473.67,3235.85,4142.82,29899.75,21818.36,11213.46
2022-04-15,1513.24,3365.09,4142.82,29152.95,21402.62,11263.39
2022-04-22,1499.01,3339.94,4142.82,28895.25,21387.07,11151.05
2022-04-29,1485.55,3299.11,4142.82,28534.1,21415.5,11258.0
2022-05-06,1514.98,3517.48,4142.82,29028.11,21661.5,11362.6
2022-05-13,1488.4,3413.85,4142.82,28527.72,21629.76,11300.29
2022-05-20,1477.48,3382.6,4142.82,27161.55,20965.76,11188.3
2022-05-27,1488.69,3460.87,4142.82,28631.35,21565.87,11389.6
2022-06-03,1500.79,3521.34,4142.82,28625.8,21515.79,11477.33
2022-06-10,1503.56,3536.29,4142.82,27569.04,21015.7,11404.41
2022-06-17,1474.33,3423.32,4142.82,26167.6,20410.26,10993.77
2022-06-24,1447.81,3316.83,4142.82,27804.59,21187.24,11000.57
2022-07-01,1427.87,3241.2,4142.82,27589.16,21428.51,10996.74
2022-07-08,1430.05,3259.18,4142.82,28250.34,21604.06,11015.2
2022-07-15,1470.09,3432.69,4142.82,28391.13,21910.38,11047.98
2022-07-22,1488.16,3522.83,4142.82,28786.24,22108.8,11226.46
2022-07-29,1480.48,3506.07,4142.82,29577.89,22406.15,11401.41
2022-08-05,1438.01,3362.98,4142.82,29952.25,22529.04,11387.44
2022-08-12,1481.69,3560.1,4142.82,30769.99,22846.89,11635.41
2022-08-19,1510.84,3698.37,4142.82,31211.55,23176.85,11706.84
2022-08-26,1535.38,3779.64,4142.82,30184.97,22744.38,11740.54
2022-09-02,1502.51,3687.75,4142.82,29801.75,22644.91,11553.15
2022-09-09,1452.94,3506.87,4142.82,30692.4,22900.03,11608.91
2022-09-16,1450.51,3510.7,4142.82,29652.61,22481.27,11519.87
2022-09-23,1445.32,3489.56,4142.82,29777.69,22840.85,11631.62
2022-09-30,1428.73,3437.81,4142.82,28081.04,21734.18,11130.91
2022-10-07,1429.84,3497.79,4142.82,28748.71,22046.21,11415.54
2022-10-14,1404.62,3341.26,4142.82,28113.16,21598.03,11046.71
2022-10-21,1381.68,3250.58,4142.82,29084.04,21812.93,10943.99
2022-10-28,1368.97,3204.1,4142.82,29413.91,21875.93,10791.08
2022-11-04,1391.45,3325.54,4142.82,29053.04,21786.66,11240.83
2022-11-11,1352.49,3175.98,4142.82,29594.67,21917.55,11183.08
2022-11-18,1336.88,3133.38,4142.82,29251.92,21736.13,11025.52
2022-11-25,1339.43,3200.49,4142.82,29220.9,21663.98,10966.32
2022-12-02,1319.99,3067.69,4142.82,29095.41,21629.89,11025.09
2022-12-09,1312.21,3052.8,4142.82,28175.97,21166.36,10880.28
2022-12-16,1311.88,3034.0,4142.82,27840.68,21183.84,10932.66
2022-12-23,1282.84,3034.29,4142.82,28058.91,21190.03,10934.71
2022-12-30,1283.58,3042.96,4142.82,27889.15,20985.37,10820.3
2023-01-06,1268.26,3064.82,4142.82,28315.88,21405.87,10937.61
2023-01-13,1284.56,3161.78,4142.82,28750.44,21560.0,11116.9
2023-01-20,1269.21,3128.28,4142.82,28177.86,21200.44,10976.94
2023-01-27,1242.03,3050.45,4142.82,28899.62,21522.31,11047.93
2023-02-03,1225.76,2983.76,4142.82,30173.34,22310.95,11142.87
2023-02-10,1214.26,2956.92,4142.82,29844.38,22013.79,11063.74
2023-02-17,1198.98,2939.56,4142.82,29846.42,21983.64,10978.41
2023-02-24,1191.84,2882.25,4142.82,29272.92,21692.5,10876.3
2023-03-03,1181.42,2881.89,4142.82,29621.43,21790.13,11087.92
2023-03-10,1163.81,2807.99,4142.82,28305.81,21390.75,10753.32
2023-03-17,1143.91,2747.63,4142.82,28355.4,21473.39,10610.06
2023-03-24,1143.16,2743.87,4142.82,28648.69,21623.88,10700.43
2023-03-31,1141.55,2735.82,4142.82,29387.71,21820.53,10818.58
2023-04-07,1139.9,2740.34,4142.82,29129.27,21764.82,10736.88
2023-04-14,1133.88,2751.86,4142.82,29419.2,21779.8,10815.44
2023-04-21,1126.02,2708.92,4142.82,29363.36,21713.91,10736.63
2023-04-28,1112.4,2667.88,4142.82,29323.71,21707.59,10640.77
2023-05-05,1117.3,2687.74,4142.82,28929.39,21498.91,10506.02
2023-05-12,1113.44,2672.24,4142.82,29254.41,21742.71,10547.48
2023-05-19,1111.6,2681.17,4142.82,29786.61,21836.45,10612.19
2023-05-26,1105.01,2688.3,4142.82,30136.37,22004.71,10576.4
2023-06-02,1094.55,2680.54,4142.82,30432.07,22118.16,10560.09
2023-06-09,1097.23,2676.59,4142.82,30284.75,21940.56,10540.17
2023-06-16,1079.99,2663.82,4142.82,30473.91,21862.33,10576.13
2023-06-23,1047.98,2596.39,4142.82,30291.53,21865.83,10460.85
2023-06-30,1051.49,2601.96,4142.82,31024.59,22164.26,10546.78
2023-07-07,1019.85,2536.27,4142.82,30372.17,21636.16,10346.37
2023-07-14,1021.52,2547.6,4142.82,30504.56,21699.2,10422.64
2023-07-21,1036.6,2611.53,4142.82,31269.53,22184.35,10644.17
2023-07-28,1046.41,2647.01,4142.82,31600.81,22267.4,10750.38
2023-08-04,1009.15,2595.23,4142.82,31148.74,22098.57,10669.87
2023-08-11,1000.32,2571.5,4142.82,31204.75,22081.78,10629.16
2023-08-18,969.94,2510.5,4142.82,30471.18,21679.87,10377.95
2023-08-25,973.17,2518.51,4142.82,31082.75,22059.3,10610.41
2023-09-01,978.32,2531.66,4142.82,31852.54,22448.41,10799.39
2023-09-08,966.63,2507.52,4142.82,31764.39,22447.65,10743.56
2023-09-15,980.85,2588.64,4142.82,31938.42,22544.46,10893.43
2023-09-22,972.28,2562.92,4142.82,31367.08,22322.53,10869.24
2023-09-29,963.54,2582.85,4142.82,31256.92,22224.95,10788.06
2023-10-06,946.26,2546.53,4142.82,31314.38,22114.58,10649.99
2023-10-13,944.8,2586.95,4142.82,31699.45,22453.85,10846.3
2023-10-20,950.8,2625.38,4142.82,30887.04,21914.26,10639.33
2023-10-27,940.66,2594.24,4142.82,30216.66,21690.85,10696.47
2023-11-03,929.08,2549.65,4142.82,31318.63,22181.49,10769.86
2023-11-10,914.06,2512.52,4142.82,32147.23,22618.29,10718.69
2023-11-17,896.21,2494.12,4142.82,32267.5,22637.99,10732.42
2023-11-24,881.51,2468.33,4142.82,32227.21,22507.71,10651.46
2023-12-01,887.8,2489.5,4142.82,32223.55,22611.27,10677.24
2023-12-08,869.37,2460.11,4142.82,32712.93,22927.74,10632.65
2023-12-15,857.86,2490.34,4142.82,33149.47,23240.06,10751.1
2023-12-22,863.49,2509.83,4142.82,33394.73,23353.66,10822.99
2023-12-29,858.74,2495.78,4142.82,33393.64,23341.16,10819.58
2024-01-05,833.63,2442.83,4142.82,32948.94,23063.17,10751.11
2024-01-12,832.42,2450.38,4142.82,33476.65,23347.72,10857.59
2024-01-19,826.76,2449.09,4142.82,34011.5,23482.66,10678.69
2024-01-26,824.52,2452.0,4142.82,34367.26,23635.21,10788.4
2024-02-02,823.43,2451.49,4142.82,35049.66,24053.43,10780.46
2024-02-09,823.32,2454.14,4142.82,35550.04,24162.75,10768.29
2024-02-16,823.68,2441.89,4142.82,35505.98,24090.52,10788.87
2024-02-23,826.71,2454.35,4142.82,35896.46,24231.76,10810.7
2024-03-01,834.76,2491.8,4142.82,36296.5,24471.77,10966.17
2024-03-08,827.83,2464.95,4142.82,35643.63,24130.92,10873.87
2024-03-15,830.01,2508.82,4142.82,35968.73,24202.57,10987.51
2024-03-22,837.74,2565.4,4142.82,37163.16,24885.15,11158.46
2024-03-29,839.74,2586.14,4142.82,37226.42,24909.54,11213.5
2024-04-05,844.86,2606.86,4142.82,36855.58,24621.91,11304.27
2024-04-12,843.73,2612.97,4142.82,36892.75,24699.58,11419.17
2024-04-19,843.04,2673.07,4142.82,35963.74,24305.2,11434.57
2024-04-26,832.01,2652.64,4142.82,36550.23,24434.96,11395.27
2024-05-03,788.96,2580.44,4142.82,36611.03,24545.39,11426.42
2024-05-10,799.03,2654.02,4142.82,37360.38,24879.18,11600.37
2024-05-17,817.15,2747.0,4142.82,37451.75,24850.08,11791.39
2024-05-24,784.2,2666.14,4142.82,37343.1,24755.69,11617.23
2024-05-31,767.76,2608.62,4142.82,37185.52,24679.15,11505.7
2024-06-07,753.68,2576.52,4142.82,37724.13,24964.01,11540.42
2024-06-14,736.32,2541.69,4142.82,38450.82,25457.76,11667.08
2024-06-21,730.71,2506.05,4142.82,38819.28,25616.76,11679.56
2024-06-28,720.73,2514.82,4142.82,38798.53,25537.93,11604.85
2024-07-05,709.9,2521.87,4142.82,39012.03,25582.33,11619.86
2024-07-12,699.21,2506.96,4142.82,38867.35,25475.18,11559.32
2024-07-19,658.96,2469.37,4142.82,38317.09,25259.66,11348.24
2024-07-26,652.1,2448.52,4142.82,38142.08,25263.15,11302.55
2024-08-02,649.39,2469.78,4142.82,37505.76,25329.29,11294.6
2024-08-09,637.79,2409.13,4142.82,37651.17,25325.46,11377.92
2024-08-16,633.43,2406.62,4142.82,38595.58,25624.05,11443.04
2024-08-23,630.4,2392.64,4142.82,38340.56,25393.4,11368.7
2024-08-30,623.88,2388.72,4142.82,38713.17,25544.72,11374.56
2024-09-06,614.61,2385.33,4142.82,37095.05,25014.36,11162.81
2024-09-13,622.23,2434.78,4142.82,38598.45,25699.18,11475.98
2024-09-20,612.65,2404.29,4142.82,38563.4,25498.79,11469.98
2024-09-27,615.09,2379.75,4142.82,38629.89,25487.0,11688.16
2024-10-04,615.59,2397.17,4142.82,39491.66,25873.81,11952.24
2024-10-11,573.6,2407.75,4142.82,40100.2,26105.62,11899.75
2024-10-18,558.73,2405.4,4142.82,40499.63,26292.63,11820.88
2024-10-25,544.75,2402.31,4142.82,40394.44,26211.15,11853.83
2024-11-01,532.42,2378.09,4142.82,39945.34,25956.36,11714.69
2024-11-08,519.84,2393.77,4142.82,41860.2,26816.04,11855.28
2024-11-15,510.88,2366.11,4142.82,41962.73,26990.28,11887.89
2024-11-22,515.26,2441.17,4142.82,42973.69,27511.4,12190.0
2024-11-29,510.58,2428.32,4142.82,42786.01,27439.26,12087.9
2024-12-06,493.76,2406.3,4142.82,43133.39,27616.6,12097.08
2024-12-13,497.68,2395.45,4142.82,43291.46,27615.0,12192.6
2024-12-20,477.12,2337.85,4142.82,42671.33,27315.28,12089.13
2024-12-27,474.16,2341.8,4142.82,42934.98,27368.35,12102.31
2025-01-03,475.13,2391.74,4142.82,43226.24,27601.64,12284.38
2025-01-10,474.81,2430.99,4142.82,43144.55,27643.02,12536.12
2025-01-17,479.06,2445.23,4142.82,44563.33,28362.22,12814.26
2025-01-24,462.51,2377.24,4142.82,44183.29,27933.02,12587.95
2025-01-31,457.4,2381.46,4142.82,44040.37,28018.52,12607.19
2025-02-07,444.87,2386.09,4142.82,43975.76,28046.1,12777.23
2025-02-14,439.83,2379.72,4142.82,43945.78,27885.62,12801.31
2025-02-21,427.46,2357.07,4142.82,43081.19,27557.75,12817.91
2025-02-28,397.94,2324.99,4142.82,42873.94,27719.57,12718.36
2025-03-07,393.87,2323.26,4142.82,40452.16,26414.45,12504.92
2025-03-14,389.52,2293.22,4142.82,39478.29,26034.4,12471.52
2025-03-21,384.85,2304.1,4142.82,39716.82,26198.52,12509.32
2025-03-28,369.44,2314.62,4142.82,39080.54,25947.93,12451.76
2025-04-04,327.83,2223.01,4142.82,35680.72,24885.57,11817.29
2025-04-11,320.66,2193.82,4142.82,37140.91,24935.74,11758.57
2025-04-18,315.41,2135.52,4142.82,36105.61,24519.69,11690.75
2025-04-25,318.25,2165.85,4142.82,37627.59,25125.88,11851.24
2025-05-02,311.53,2119.04,4142.82,38892.25,25635.35,11970.78
2025-05-09,308.67,2122.16,4142.82,38592.6,25444.24,11995.8
2025-05-16,310.0,2117.43,4142.82,40751.53,26262.65,12077.22
2025-05-23,310.47,2128.32,4142.82,38913.67,25318.84,11854.62
2025-05-30,304.33,2100.21,4142.82,39844.16,25828.74,11880.98
2025-06-06,311.03,2141.99,4142.82,40305.6,25872.82,12072.53
2025-06-13,300.93,2132.51,4142.82,40021.67,25813.01,12094.02
2025-06-20,299.5,2150.08,4142.82,40308.0,26049.68,12250.77
2025-06-27,296.39,2126.7,4142.82,40942.2,26187.04,12074.79
2025-07-04,296.07,2153.12,4142.82,41792.1,26517.67,12167.35
2025-07-11,297.86,2248.53,4142.82,42192.04,26751.56,12341.03
2025-07-18,295.37,2266.36,4142.82,42726.28,27031.58,12500.76
2025-07-25,296.91,2280.18,4142.82,43269.54,27253.85,12502.88
2025-08-01,276.88,2216.73,4142.82,42728.9,27313.83,12355.82
2025-08-08,277.33,2203.61,4142.82,43229.83,27333.78,12322.58
2025-08-15,268.43,2192.73,4142.82,43337.58,27280.37,12284.89
2025-08-22,267.61,2235.59,4142.82,43538.61,27436.52,12397.61
2025-08-29,264.51,2229.47,4142.82,43590.98,27516.92,12462.2
2025-09-05,261.36,2254.93,4142.82,43723.72,27668.93,12539.6
2025-09-12,264.64,2270.79,4142.82,44258.72,27861.17,12648.01
2025-09-19,251.82,2275.74,4142.82,45087.8,28208.98,12757.87
2025-09-26,251.71,2288.39,4142.82,45192.56,28259.77,12896.41
2025-10-03,251.1,2298.14,4142.82,45424.74,28336.96,13001.24
2025-10-10,243.25,2308.03,4142.82,44721.59,28220.48,12908.08
2025-10-17,235.35,2276.93,4142.82,45285.01,28440.51,13060.98
2025-10-24,229.78,2285.5,4142.82,46561.6,29038.23,13326.81
2025-10-31,231.75,2315.38,4142.82,47458.0,29444.7,13440.43
2025-11-07,220.65,2293.7,4142.82,46653.21,29143.41,13377.31
2025-11-14,222.18,2318.07,4142.82,46679.38,29114.01,13445.16
2025-11-21,211.68,2293.8,4142.82,46040.14,29017.83,13381.12
2025-11-28,203.9,2371.1,4142.82,47252.4,29404.85,13598.9
2025-12-05,201.67,2427.42,4142.82,47080.84,29175.61,13640.48
2025-12-12,200.96,2440.93,4142.82,46664.1,28948.7,13414.14
2025-12-19,201.85,2524.6,4142.82,46693.27,28994.44,13466.22
2025-12-26,203.71,2703.09,4142.82,46915.39,28998.74,13662.69
2026-01-02,199.78,2583.62,4142.82,46592.07,28864.8,13567.01
2026-01-09,194.54,2615.92,4142.82,47540.26,29294.56,13811.98
2026-01-16,191.37,2655.35,4142.82,47443.33,29230.6,13959.47
2026-01-23,189.7,2600.58,4142.82,46388.81,28623.11,14119.08
2026-01-30,179.12,2600.19,4142.82,46419.67,28595.93,14090.27
2026-02-06,171.62,2570.52,4142.82,46576.81,28767.43,13970.35
2026-02-13,168.34,2580.78,4142.82,45838.12,28592.84,13929.8
2026-02-20,168.73,2660.39,4142.82,46943.03,29136.74,14259.29
2026-02-27,168.99,2732.88,4142.82,46695.75,29150.09,14364.98
2026-03-06,169.2,2678.44,4142.82,46051.22,28829.32,14401.06
2026-03-13,169.05,2689.54,4142.82,45978.89,28856.74,14515.85
2026-03-20,161.83,2544.48,4142.82,44743.47,28204.62,14006.91
2026-03-27,162.2,2491.23,4142.82,44005.56,27965.52,14116.34
2026-04-03,162.24,2507.77,4142.82,45634.13,28721.93,14476.36
2026-04-10,161.68,2492.25,4142.82,46446.92,28818.63,14387.41
2026-04-17,158.63,2517.21,4142.82,48353.19,29561.52,14633.0
2026-04-24,159.1,2527.04,4142.82,48556.07,29578.21,14596.31
2026-05-01,159.18,2510.22,4142.82,48843.88,29584.43,14639.55
2026-05-08,156.32,2552.82,4142.82,49812.63,29929.82,14791.87
2026-05-15,153.74,2578.76,4142.82,51041.53,30465.65,15020.82
2026-05-22,153.74,2566.54,4142.82,51082.18,30435.89,14931.17
2026-05-29,150.89,2535.21,4142.82,51749.53,30761.05,15004.47
2026-06-05,147.83,2478.63,4142.82,50892.63,30454.15,14821.31
2026-06-12,147.83,2435.34,4142.82,50928.08,30478.28,14841.95
2026-06-19,145.02,2397.06,4142.82,52175.03,31137.92,15039.66
2026-06-26,141.38,2376.39,4142.82,50967.92,30781.14,14766.49
2026-07-03,141.38,2331.83,4142.82,51490.6,30768.62,14597.02
2026-07-10,138.53,2309.25,4142.82,51950.85,30826.14,14597.98
2026-07-17,138.52,2320.06,4142.82,50984.52,30454.69,14547.59
2026-07-24,139.01,2349.45,4142.82,51172.4,30535.33,14798.16
2026-07-31,132.53,2294.13,4142.82,51121.36,30370.27,14609.74
2026-08-07,132.67,2303.03,4142.82,52883.17,31084.56,14785.98
2026-08-14,132.65,2304.83,4142.82,52925.73,31048.24,14845.47
2026-08-21,129.43,2257.94,4142.82,51790.84,30510.02,14865.78
2026-08-28,129.43,2269.63,4142.82,52447.21,30846.61,14926.75
2026-09-04,129.43,2288.52,4142.82,52551.66,30862.48,15053.72
2026-09-11,129.43,2261.55,4142.82,52137.29,30553.61,14920.01
2026-09-18,129.43,2257.63,4142.82,52007.9,30517.9,14883.96
