sym,entry,exit,qty,cost,pnl,reason,topups
DJP,2008-01-09,2008-01-22,33,978.0862872241297,-42.294615776068326,stop,0
DBA,2008-01-09,2008-01-22,66,979.097731769271,26.5056292323992,stop,0
USO,2008-01-09,2008-01-22,2,617.0823175012445,-52.676600228296934,stop,0
GLD,2008-01-22,2008-02-05,30,1363.793962692468,-31.961707459946865,stop,1
IEF,2008-01-24,2008-02-19,48,1378.28235553747,-3.7056160354316034,stop,0
DBA,2008-02-07,2008-03-04,52,862.3961284011635,29.864241120823976,stop,0
SLV,2008-01-15,2008-03-10,171,1386.31019196045,246.60550648799517,stop,1
DBB,2008-02-21,2008-03-10,91,976.5976946199306,-26.458228518973897,stop,0
DJP,2008-02-01,2008-03-17,30,901.1962713015141,56.171147436057254,stop,1
GLD,2008-03-10,2008-03-19,21,1007.1621269245752,-5.172759153377001,stop,1
DBA,2008-03-14,2008-03-19,59,1017.7400406051152,-95.64947124641549,stop,0
USO,2008-03-04,2008-03-20,2,658.1291306963731,-17.660628643527957,stop,1
IEF,2008-03-19,2008-04-16,32,949.1955661179816,-22.578758957254195,stop,0
TIP,2008-03-17,2008-04-18,37,1197.6008904786322,-28.833747478481882,stop,0
TLT,2008-03-24,2008-04-24,44,1202.6776220549423,-36.776509664257446,stop,1
SLV,2008-03-26,2008-05-01,156,1418.4099661489445,-155.32600524151053,stop,0
DJP,2008-04-18,2008-05-01,15,494.54015466239554,-21.452683146292657,stop,0
DBA,2008-04-18,2008-05-01,24,395.9724510736273,-32.34131374326478,stop,0
USO,2008-04-22,2008-05-01,1,383.4303929430633,-23.858395778793522,stop,0
FXI,2008-04-23,2008-05-23,39,687.2758170594697,-47.785640779037294,stop,0
EEM,2008-05-01,2008-05-23,26,442.90819829856184,-2.9540259074111646,stop,0
SLV,2008-05-21,2008-05-29,49,445.7337590108066,-33.48558153882112,stop,0
USO,2008-05-12,2008-06-03,1,411.29804382246283,-1.5940363866666303,stop,0
EEM,2008-06-02,2008-06-10,38,655.0991980682468,-32.35257830309547,stop,0
QQQ,2008-05-01,2008-06-11,21,448.13159054081416,-9.943266672836728,stop,0
DBA,2008-06-11,2008-07-07,37,643.8698823409563,-16.55672134362544,stop,0
DJP,2008-05-12,2008-07-08,19,640.612296337913,28.732739330133086,stop,0
USO,2008-06-19,2008-07-17,1,435.9019596907085,-12.343899432458727,stop,0
SLV,2008-07-08,2008-07-22,73,656.1721509989592,-6.69349104339301,stop,0
GLD,2008-07-07,2008-07-23,10,463.8808617221794,-3.3970407669404494,stop,0
DJP,2008-07-21,2008-07-29,13,427.38334019589496,-26.119333449552244,stop,0
DBA,2008-07-30,2008-08-05,41,644.3449221608256,-50.290430198629565,stop,0
SLV,2008-08-01,2008-08-08,73,639.8337615329124,-58.207739411897364,stop,0
USO,2008-07-28,2008-08-11,1,405.598154370831,-21.107084773761414,stop,0
GLD,2008-08-04,2008-08-11,14,631.0913045726758,-24.74157040208445,stop,1
IWM,2008-08-13,2008-08-25,20,625.6323781009407,-25.922670568024728,stop,0
DBA,2008-08-21,2008-09-02,37,627.8748735558748,-35.80314597227755,stop,0
QQQ,2008-08-11,2008-09-03,29,626.7171794871794,5.928785787960351,stop,0
TLT,2008-08-05,2008-09-17,23,620.122523800454,97.91861366506373,stop,0
TIP,2008-07-24,2008-09-18,20,645.8824743305817,52.93902947844447,stop,0
IEF,2008-08-12,2008-09-18,20,605.9728512840954,40.69414418560518,stop,0
GLD,2008-09-17,2008-09-30,13,614.1285148296924,4.595412608458673,stop,0
IEF,2008-09-29,2008-10-08,20,649.1868224732193,14.617246904624267,stop,0
TLT,2008-09-29,2008-10-13,20,627.6451005263638,9.091331875126343,stop,0
GLD,2008-10-10,2008-10-22,13,635.2664561588164,-64.2151742415515,stop,0
TLT,2008-10-23,2008-10-31,18,635.1209135232698,-28.032013620461157,stop,0
GLD,2008-11-25,2008-12-05,12,630.0510348170288,-36.38968133118988,stop,0
IEF,2008-10-20,2009-01-02,31,1177.1898067259833,182.50078368849245,stop,1
TLT,2008-11-10,2009-01-02,28,1133.4210243057553,200.23648295449584,stop,1
GLD,2008-12-15,2009-01-12,24,1357.0130573541494,-56.191658082796266,stop,1
IEF,2009-01-12,2009-01-22,15,657.1125766833712,25.70206161103954,stop,0
TLT,2009-01-12,2009-01-22,14,637.1535291257014,14.560609371479131,stop,0
GLD,2009-02-04,2009-02-26,10,619.9040608259892,19.928123563743725,stop,0
IEF,2009-02-02,2009-02-27,15,663.6720273394445,-19.877143579848394,stop,0
SLV,2009-03-04,2009-03-18,75,678.4769168442745,-45.417882862841566,stop,0
IEF,2009-03-09,2009-04-03,15,684.1071152176404,-51.5617179336823,stop,0
GLD,2009-03-19,2009-04-06,10,652.8022404136148,-70.72630433128018,stop,0
TLT,2009-02-02,2009-04-24,15,658.1362581035739,-48.90177880840463,stop,0
DBB,2009-03-13,2009-04-27,95,686.4221718325953,22.84399630234975,stop,0
IEF,2009-04-13,2009-04-30,15,641.4783491732735,-14.795743949616735,stop,0
GLD,2009-04-24,2009-06-15,10,614.243885823285,-53.82933836326902,stop,0
DJP,2009-04-17,2009-06-16,28,651.6775941882074,-7.157291974921463,stop,0
GLD,2009-06-25,2009-07-09,11,623.1168774437929,-22.307563230664755,stop,0
VNQ,2009-04-21,2009-07-10,63,659.9079696071418,-108.39316144626832,stop,0
TLT,2009-06-23,2009-07-15,18,615.6378111930395,-9.007791961970497,stop,0
IEF,2009-06-25,2009-07-15,16,593.7753314882982,-7.762764649659061,stop,0
FXI,2009-08-03,2009-08-05,35,606.398275047259,-54.853649690420866,stop,0
LQD,2009-07-10,2009-08-07,19,621.5282495240758,-11.697259653541096,stop,1
SLV,2009-08-13,2009-08-17,67,600.2867269712045,-39.71597871453696,stop,0
TLT,2009-08-20,2009-09-09,17,603.5642276635016,-25.328553481101608,stop,1
GLD,2009-07-21,2009-09-21,10,568.5175351995018,17.9090055743535,stop,0
SLV,2009-09-03,2009-09-24,61,602.7106917725441,1.619160223409608,stop,1
FXI,2009-09-11,2009-09-24,19,326.8634376969951,-1.453739930284371,stop,0
HYG,2009-09-28,2009-10-02,31,626.0801958222489,-27.74796628320837,stop,0
LQD,2009-08-17,2009-10-09,18,603.8116650354784,22.806804877115155,stop,0
TLT,2009-09-23,2009-10-09,16,573.2180788521889,15.429872142447834,stop,0
IEF,2009-08-24,2009-10-15,16,603.7594496505184,-0.5465536465472951,stop,1
SLV,2009-10-06,2009-10-27,55,592.8085039567891,-45.17465055380762,stop,0
EMB,2009-04-28,2009-10-28,24,637.5838592295206,13.141229403199418,stop,0
EEM,2009-09-29,2009-10-28,19,325.24586517980197,-10.09120803040122,stop,0
DJP,2009-10-21,2009-10-28,15,381.48733272116937,-17.993775961111226,stop,0
DBB,2009-10-13,2009-11-02,42,411.2628789424934,-1.9950863350032932,stop,0
DBA,2009-10-13,2009-11-10,40,566.5455516065808,-47.59108894720009,stop,1
FXI,2009-11-06,2009-11-27,22,394.72435930234303,-16.289669970039938,stop,0
GLD,2009-10-29,2009-12-04,9,564.4632047347397,62.646451714425666,stop,1
TIP,2009-06-03,2009-12-10,16,624.4356126185478,28.893188904887438,stop,0
DBB,2009-11-12,2009-12-21,52,512.1041458669522,70.94691948834816,stop,0
LQD,2009-11-02,2009-12-22,17,585.8173385745193,10.559654316401861,stop,0
DJP,2009-12-01,2010-01-13,24,603.7108140789366,10.492932062979548,stop,1
USO,2009-12-29,2010-01-15,3,588.9248490945674,-23.468663654331408,stop,0
DBA,2009-12-09,2010-01-20,44,611.816168321235,-11.054231817682535,stop,1
EEM,2009-12-30,2010-01-20,32,584.7872486665525,-6.996527311306863,stop,0
HYG,2009-10-30,2010-01-21,30,581.0774607226424,36.795434237610834,stop,0
VNQ,2009-10-14,2010-01-22,47,635.2884361434435,19.11594403466802,stop,1
QQQ,2009-12-18,2010-01-22,18,432.7947134654967,-1.2198749760314627,stop,0
SLV,2010-01-20,2010-01-26,52,563.8368426705948,-45.399502564669774,stop,0
DBB,2010-01-15,2010-01-27,54,621.9893937530742,-39.901884398464745,stop,0
EWJ,2010-01-22,2010-01-29,29,545.733369534862,-16.33399106475781,stop,0
GLD,2010-01-22,2010-02-04,9,601.366720451795,-7.205312260354617,stop,0
HYG,2010-02-04,2010-02-11,28,585.4286430645698,-17.79537849914459,stop,0
DBA,2010-02-11,2010-03-02,42,589.5834065584208,8.754616920696776,stop,0
VNQ,2010-02-03,2010-04-16,42,597.1417362716875,113.129780359179,stop,0
DBB,2010-02-11,2010-04-27,55,591.8895574657753,54.34584974995994,stop,0
EWJ,2010-02-08,2010-05-04,32,596.9280841916129,42.285941628045634,stop,0
IWM,2010-02-10,2010-05-04,19,583.2999855716048,124.38244682513312,stop,0
SPY,2010-02-23,2010-05-04,7,374.742223086774,27.524927836064307,stop,0
DJP,2010-02-16,2010-05-05,23,593.6752972091624,-4.619246485724261,stop,0
HYG,2010-03-04,2010-05-05,27,609.1404599956761,-0.2929657070292251,stop,0
USO,2010-04-20,2010-05-05,3,632.6682944297944,-27.893192618715943,stop,0
VNQ,2010-04-29,2010-05-06,35,654.0248360040468,-24.64036725194012,stop,0
TLT,2010-05-06,2010-05-10,15,610.2239717785287,-29.364897465244553,stop,0
SLV,2010-05-07,2010-05-19,52,635.2689261529628,13.728252508718924,stop,0
VNQ,2010-05-17,2010-05-21,34,636.0693919140631,-70.5682522577581,stop,0
VNQ,2010-06-10,2010-07-01,35,623.6070372761561,-63.80043413972817,stop,0
SLV,2010-06-03,2010-07-02,51,618.6463801833858,-39.75300396384341,stop,0
DBA,2010-07-08,2010-08-06,43,602.8648270860119,-7.233358527128416,stop,0
FXI,2010-07-28,2010-08-11,22,398.39627510378097,-16.492614152859744,stop,0
DBB,2010-08-13,2010-08-24,37,394.5898462179888,-11.567203075511998,stop,0
DJP,2010-08-10,2010-08-25,23,588.0897068331992,-15.985652394717135,stop,0
IEF,2010-05-20,2010-09-03,14,632.6010537561821,-20.513264488477148,stop,0
TLT,2010-05-20,2010-09-03,14,597.732090119912,-15.755289859565778,stop,0
VNQ,2010-09-08,2010-09-23,33,601.62442957792,-25.185185112931208,stop,0
DBA,2010-08-26,2010-09-30,41,594.5789573448197,9.205150439992508,stop,1
SLV,2010-08-27,2010-10-19,29,351.9736939547612,69.92297764616836,stop,0
DJP,2010-09-27,2010-10-19,22,589.0063329026486,14.644193949291548,stop,1
VNQ,2010-10-04,2010-11-09,33,595.0812647072757,10.046507857199686,stop,0
EMB,2010-06-15,2010-11-10,19,610.9597007616055,4.610962979225519,stop,0
DBA,2010-10-21,2010-11-11,39,623.9868150412328,-0.2774276943572431,stop,0
DBB,2010-09-08,2010-11-12,49,555.8579083446449,22.70953948717579,stop,0
DJP,2010-10-29,2010-11-12,15,418.535665861451,3.7171461779564083,stop,0
HYG,2010-07-27,2010-11-16,26,592.1053131112322,4.875912868843784,stop,0
SLV,2010-11-11,2010-11-16,39,646.8992092819623,-46.49891026243154,stop,1
VGK,2010-11-19,2010-11-26,34,621.7682217841609,-23.28045633503791,stop,0
SLV,2010-11-30,2011-01-20,34,602.3817504176841,-22.597875848183094,stop,0
IWM,2010-11-15,2011-01-25,17,617.6788363002071,49.45629125242613,stop,0
GLD,2010-05-06,2011-01-27,8,641.8079687183981,-0.8089819964845901,stop,0
EEM,2010-11-17,2011-01-28,21,429.2692042936397,5.771346428256777,stop,0
EWJ,2010-11-12,2011-02-23,30,574.1434178884493,49.40845418162223,stop,0
QQQ,2010-11-16,2011-02-23,21,596.5166144693976,44.83908254515961,stop,0
DBA,2011-01-27,2011-02-23,35,643.5698904479392,-16.990911913520222,stop,0
VNQ,2011-01-24,2011-03-02,31,590.4927476857644,4.19788879064356,stop,0
DBB,2011-01-31,2011-03-09,50,636.3525517930465,-25.39915581699279,stop,0
DJP,2010-11-22,2011-03-10,20,553.2440545198183,59.00970841893172,stop,0
DBA,2011-03-07,2011-03-11,22,414.3961237558829,-20.768981187443444,stop,0
USO,2011-03-02,2011-03-15,2,408.0376617608772,-18.844042953152552,stop,0
TLT,2011-03-15,2011-03-25,16,595.6382825530803,-8.682407238264659,stop,0
USO,2011-03-28,2011-04-12,3,626.9958338015276,-1.4155010320364454,stop,1
DBB,2011-03-23,2011-04-18,46,587.4373577357292,-20.62512362777386,stop,1
SLV,2011-03-10,2011-04-26,29,622.7238769076598,145.58004433976157,stop,1
FXI,2011-03-30,2011-05-03,33,626.7573595059961,-23.428188025003124,stop,0
GLD,2011-03-10,2011-05-04,7,603.0379796003367,25.520602766428397,stop,1
DJP,2011-03-21,2011-05-04,20,625.1951171508811,-4.889551234726127,stop,1
DBA,2011-03-25,2011-05-04,36,659.6903877575128,-34.620318771082566,stop,1
USO,2011-04-26,2011-05-05,2,436.5861388555886,-29.29206212612479,stop,1
VGK,2011-05-05,2011-05-17,31,607.8473617573029,-16.308736203524745,stop,0
QQQ,2011-05-06,2011-05-17,20,628.5377976690547,-15.75180209927862,stop,0
VNQ,2011-03-31,2011-05-23,32,638.8898921252484,11.292986105822592,stop,1
SPY,2011-05-17,2011-06-03,6,378.4059438838297,-17.673186890130808,stop,0
TLT,2011-05-04,2011-06-06,17,633.7835502042876,6.589283744162458,stop,0
IWM,2011-05-13,2011-06-06,15,629.8339687292594,-33.66566025862062,stop,0
FXI,2011-05-31,2011-06-08,33,625.7256877944977,-34.18675602792712,stop,0
DJP,2011-06-09,2011-06-17,20,618.6252825808028,-28.514928277444938,stop,0
DBA,2011-06-14,2011-06-23,23,398.2918998167379,-12.376958625566317,stop,0
GLD,2011-05-16,2011-06-27,7,631.2131426983293,2.346620587525763,stop,0
TLT,2011-06-16,2011-06-29,15,589.5096545144381,-18.004687444464935,stop,0
VGK,2011-06-30,2011-07-11,30,601.3137171999209,-31.99034902703295,stop,1
SPY,2011-06-30,2011-07-14,6,381.5262443157042,-10.892287189221122,stop,0
VNQ,2011-06-22,2011-07-29,29,598.6023861744987,-14.40111005157462,stop,0
DBB,2011-06-14,2011-08-03,48,594.008893462342,-12.06689897131298,stop,1
EWJ,2011-06-30,2011-08-03,30,598.2612203453125,-18.582554672898482,stop,1
SLV,2011-06-06,2011-08-05,28,614.0555375538777,11.39306241866791,stop,0
IEF,2011-06-28,2011-08-11,13,564.7768298658275,19.435730696528935,stop,0
GLD,2011-07-08,2011-08-11,6,573.0701107121627,52.54684119078104,stop,1
TLT,2011-07-27,2011-08-11,11,422.42154450976494,44.55006821910001,stop,0
TIP,2011-08-05,2011-08-11,12,570.849778076049,12.766384012878348,stop,0
LQD,2011-08-05,2011-08-11,15,603.3538581211964,-4.418348822021585,stop,0
SLV,2011-08-15,2011-08-24,26,616.1916502692231,-9.106304680875496,stop,0
GLD,2011-08-22,2011-08-24,3,339.17121845228144,-21.878763683360717,stop,0
DBA,2011-08-16,2011-09-13,35,603.4088637019706,19.24842355819692,stop,0
EMB,2011-08-10,2011-09-19,19,630.3754640964452,13.54816552257057,stop,0
SLV,2011-09-06,2011-09-22,24,618.9749322362456,-55.273154465710036,stop,1
GLD,2011-09-06,2011-09-22,5,570.2944984641323,-22.53742404545187,stop,1
QQQ,2011-09-19,2011-09-22,15,478.3068889207304,-23.18707517111733,stop,0
TLT,2011-08-31,2011-09-28,14,605.3887072887962,73.90552735968822,stop,0
IEF,2011-08-30,2011-10-07,13,594.6996878713364,25.083857688638318,stop,0
TLT,2011-10-10,2011-10-27,12,589.6770705629071,-52.81249314786055,stop,0
DBA,2011-10-21,2011-11-14,36,599.580507531466,-24.143647448191473,stop,0
QQQ,2011-10-14,2011-11-21,19,617.2730847029077,-35.97100386027739,stop,0
SPY,2011-10-31,2011-11-21,9,544.5924193448125,-15.850753583855976,stop,0
EMB,2011-10-17,2011-11-22,18,610.9232835820894,0.353743315278507,stop,0
VNQ,2011-10-24,2011-11-22,28,554.6288821865576,-22.457707465605836,stop,0
GLD,2011-10-03,2011-12-12,5,524.4467681840272,-9.528214699684213,stop,0
USO,2011-11-16,2011-12-14,3,597.0247452692657,-31.824581040703492,stop,1
TLT,2011-11-23,2011-12-23,12,619.5605795906322,-22.635081953376925,stop,1
USO,2011-12-27,2012-02-01,2,403.25451400607056,-27.78703812309527,stop,1
CPER,2012-01-03,2012-02-17,35,565.5661314801501,26.67159971979936,stop,0
IWM,2012-02-03,2012-03-05,8,347.19249016230225,-19.921648148276574,stop,0
USO,2012-02-22,2012-03-06,2,417.2544604534649,-11.566781899079388,stop,0
IEF,2011-11-23,2012-03-13,12,591.6037876534139,-16.539220790258923,stop,0
EWJ,2012-03-14,2012-04-04,17,334.1391088003572,-13.487632936552075,stop,0
CPER,2012-02-27,2012-04-09,35,617.9925325444121,-41.59501799352324,stop,1
IWM,2012-03-15,2012-04-09,12,523.333269683661,-28.5057724365318,stop,0
QQQ,2011-12-01,2012-04-23,18,575.6648522897478,61.68415769103456,stop,0
CPER,2012-04-26,2012-04-30,35,580.3719087412533,-4.669760439104948,stop,0
SPY,2011-12-01,2012-05-08,9,559.005091722131,25.623538832393137,stop,1
GLD,2012-04-12,2012-05-08,5,512.5677047434049,-31.54487626834606,stop,0
VNQ,2011-12-16,2012-05-17,29,591.2243213688407,61.50563289390334,stop,0
TLT,2012-04-20,2012-06-06,11,535.8846191293259,62.840596585125354,stop,0
GLD,2012-06-12,2012-06-28,5,505.22061302805025,-22.69355530383109,stop,0
TLT,2012-06-18,2012-07-27,11,601.2143565515428,-6.819893248555218,stop,0
IEF,2012-04-10,2012-08-07,7,340.94627326923114,10.897965152351276,stop,0
EMB,2012-06-13,2012-08-20,16,595.8012834155621,14.887140250139169,stop,0
USO,2012-08-22,2012-09-19,3,550.1808129466955,-35.79785258666834,stop,0
VNQ,2012-06-07,2012-09-25,26,599.9733251758946,1.910702192168742,stop,0
HYG,2012-06-29,2012-09-26,22,590.5623760485141,-7.3685562808025225,stop,0
QQQ,2012-08-03,2012-10-09,16,597.097146875949,-1.5194408925087828,stop,0
IWM,2012-08-09,2012-10-09,9,384.46120178397297,-0.9989129228574143,stop,0
DBB,2012-09-27,2012-10-10,39,396.1254700275625,-13.343338606042153,stop,0
DJP,2012-09-21,2012-10-15,20,544.9330725035043,-8.550496274506145,stop,0
SLV,2012-09-27,2012-10-15,29,606.5334048333226,-36.68965841141835,stop,2
GLD,2012-10-11,2012-10-19,3,322.9822714595117,-12.615672999631386,stop,0
SPY,2012-07-19,2012-10-23,8,552.5095222195722,5.676664681962166,stop,0
CPER,2012-10-11,2012-10-23,24,395.19149877685845,-22.36604782166404,stop,0
FXI,2012-10-12,2012-11-08,36,585.2321095208464,0.7576739991436625,stop,0
VGK,2012-10-31,2012-11-09,31,565.88239123359,-12.31780413245292,stop,0
EEM,2012-10-17,2012-11-13,30,584.5542948251575,-18.21682928211567,stop,0
VNQ,2012-11-02,2012-11-14,24,566.1977872446671,-18.009351722359156,stop,0
GLD,2012-11-21,2012-12-04,5,527.9624504380259,-21.284682493547734,stop,0
SLV,2012-11-20,2012-12-05,28,567.3120522399774,-21.212623153812274,stop,0
TLT,2012-11-08,2012-12-13,10,536.3299874822887,-23.62378636257995,stop,0
CPER,2012-12-17,2012-12-20,36,570.1676869908664,-28.21166456899732,stop,0
DBB,2012-11-27,2013-01-04,40,387.67181599725365,3.487422921799805,stop,0
EWJ,2012-12-06,2013-01-08,31,564.9021357791432,18.679867833213507,stop,1
EEM,2012-12-07,2013-01-25,19,378.1206890101325,12.824847204321657,stop,0
VGK,2012-11-28,2013-02-07,30,559.504089915704,47.514722122982676,stop,0
FXI,2012-11-30,2013-02-07,34,566.3145542544886,47.4010858574992,stop,0
CPER,2013-01-11,2013-02-20,36,571.7396222322078,25.31507598565304,stop,0
QQQ,2013-02-01,2013-02-21,10,387.75383929140384,-1.2141080777678326,stop,0
IWM,2013-02-11,2013-02-21,12,584.893636044321,6.288785327472851,stop,0
VGK,2013-02-19,2013-02-21,28,591.3770473736244,-17.491881430823355,stop,0
VNQ,2012-12-27,2013-02-25,24,574.3160222367154,54.641735425977686,stop,0
SPY,2013-02-22,2013-02-26,7,559.7310493776274,-13.670800762039335,stop,0
EEM,2013-03-08,2013-03-15,27,598.1936143125167,-31.30254137172949,stop,0
VGK,2013-03-11,2013-03-27,27,587.6875963794837,-33.86257118245112,stop,0
EWJ,2013-01-18,2013-04-01,22,431.3578481271963,39.39754621010377,stop,0
IWM,2013-03-04,2013-04-03,11,566.1786582600209,-10.077740396799868,stop,1
QQQ,2013-03-04,2013-04-05,14,566.691892847607,-19.548208765774802,stop,1
TLT,2013-04-04,2013-04-10,8,435.93354511415424,-8.164474102437396,stop,0
SPY,2013-04-03,2013-04-15,7,575.5048065960575,-8.363714693733186,stop,0
UNG,2013-03-19,2013-04-25,2,463.1858803271631,2.5640224848104936,stop,0
TLT,2013-04-22,2013-05-06,10,553.6271423181769,-22.80583169369322,stop,0
TIP,2011-08-24,2013-05-14,12,571.3516893903537,88.72936720349537,stop,0
VNQ,2013-03-07,2013-05-22,22,601.3815142281499,53.26699179394507,stop,0
EWJ,2013-04-11,2013-05-23,25,580.399252518687,2.296511174842749,stop,0
VGK,2013-05-06,2013-05-31,27,583.2999501327113,1.6639998672887941,stop,0
IWM,2013-05-22,2013-06-05,7,384.7876966525459,-19.364800980475366,stop,0
QQQ,2013-05-28,2013-06-05,8,354.6025599255294,-22.193024524786154,stop,0
UNG,2013-05-23,2013-06-06,2,488.794995862982,-61.44087506750742,stop,0
SPY,2013-05-31,2013-06-20,6,519.3033549482626,-24.982734330869164,stop,1
VNQ,2013-06-06,2013-06-20,21,563.759777574796,-27.49737538248519,stop,0
VGK,2013-06-11,2013-06-20,26,550.0850687120485,-12.607186871152294,stop,0
USO,2013-06-05,2013-06-21,3,520.9997046557291,-7.081146767921609,stop,0
IWM,2013-06-17,2013-06-21,10,528.1637008412448,-13.287067715338935,stop,0
EWJ,2013-06-11,2013-07-29,25,549.8100830936401,21.81411382474289,stop,0
USO,2013-07-01,2013-07-30,3,549.684440866751,27.893508706021976,stop,0
IWM,2013-07-01,2013-08-19,10,546.9362750735161,-6.675482959507917,stop,0
FXI,2013-08-15,2013-08-21,33,563.6547466816704,-27.649785908688955,stop,0
VGK,2013-07-19,2013-08-28,26,576.0675748248084,-13.075992962126406,stop,0
DBB,2013-08-16,2013-08-29,61,569.3045263275787,-23.994039296686992,stop,0
USO,2013-08-09,2013-09-17,2,390.800464516129,-13.49431352848137,stop,0
UNG,2013-08-27,2013-09-24,2,388.9232985977101,-17.05661276880801,stop,0
VNQ,2013-09-18,2013-09-25,22,564.2613539944136,-22.956760867934804,stop,0
FXI,2013-09-03,2013-09-30,32,550.9893012896943,-15.964248001257033,stop,0
EWJ,2013-08-28,2013-10-03,24,543.4108205590622,-0.3006507108362939,stop,0
VGK,2013-09-12,2013-10-08,25,561.0105028392464,-10.923827354128093,stop,0
IWM,2013-09-30,2013-10-08,6,336.90062710450707,-10.901818061811753,stop,0
QQQ,2013-06-20,2013-10-09,12,494.7022938663658,22.508531174768734,stop,0
FXI,2013-10-11,2013-10-23,20,356.36740768592057,-22.63617290148278,stop,0
EWJ,2013-10-14,2013-11-01,23,546.6482569592313,-15.839612229990166,stop,1
VGK,2013-10-18,2013-11-01,23,538.9297645926135,-7.2911111038908984,stop,1
EEM,2013-10-01,2013-11-05,27,531.5220685805086,-0.9621597289792589,stop,1
IWM,2013-10-23,2013-11-07,9,526.5190047293793,-21.483380589402486,stop,1
VNQ,2013-10-25,2013-11-07,20,530.3969812721339,-25.654433770899118,stop,0
VGK,2013-11-11,2013-12-04,15,351.29619263544674,-17.98331210197506,stop,0
EWJ,2013-11-13,2013-12-04,15,353.8021316610516,-16.279738363018566,stop,0
FXI,2013-11-15,2013-12-11,29,516.8046670242607,-17.740797399164023,stop,1
IWM,2013-11-21,2013-12-11,9,527.4759167138388,-19.530817605826144,stop,1
UNG,2013-12-09,2013-12-31,2,405.82332568430405,-3.6910680775743003,stop,0
USO,2013-12-13,2014-01-02,3,512.7458159509202,-9.382302256703042,stop,0
VGK,2013-12-19,2014-01-02,22,506.2720575209075,1.0524705057393362,stop,0
SPY,2013-10-10,2014-01-24,6,514.9952466541831,13.189293161713067,stop,0
EWJ,2013-12-30,2014-01-24,20,468.56252878578516,-20.265839320960424,stop,0
VGK,2014-01-13,2014-01-24,21,501.40757480148255,-17.473202862931373,stop,1
QQQ,2013-11-05,2014-01-27,11,515.2747261650644,-0.4182342658066318,stop,0
IWM,2013-12-23,2014-01-27,8,479.27816312618256,-18.606227811528868,stop,0
UNG,2014-01-16,2014-01-27,2,418.85342154986324,22.926433619598185,stop,0
USO,2014-02-06,2014-03-05,2,344.72981024455765,0.570890197834899,stop,0
VGK,2014-02-06,2014-03-13,22,510.84309373817763,0.15461745741441746,stop,0
VNQ,2014-02-14,2014-03-19,20,507.8334657024621,2.066390699732608,stop,0
DBA,2014-02-19,2014-03-20,37,509.7631687418592,29.84061639873346,stop,0
UNG,2014-02-06,2014-03-21,2,487.9182346877666,-25.507884181432416,stop,0
QQQ,2014-02-10,2014-03-24,10,486.2497008935851,-6.182049324246918,stop,0
IWM,2014-03-13,2014-03-26,8,480.8338827265947,-11.056134566742344,stop,0
SPY,2014-03-19,2014-04-07,5,459.8322626479434,-10.650702645052888,stop,0
VGK,2014-04-01,2014-04-15,21,507.27745489204455,-22.988272746465498,stop,0
FXI,2014-04-09,2014-04-15,31,504.9301675395476,-21.896204091199593,stop,0
USO,2014-03-26,2014-04-30,2,350.82891527028534,-9.91840253867008,stop,0
DBA,2014-03-31,2014-05-09,34,499.5342339963269,-7.405435807694232,stop,0
UNG,2014-03-31,2014-05-09,2,471.63614975572864,1.6453392214602331,stop,0
DJP,2014-04-08,2014-05-15,21,506.00811766516904,-10.561802149981474,stop,1
TLT,2014-05-16,2014-06-03,10,480.8817740709254,-8.31886766990101,stop,0
VNQ,2014-04-01,2014-06-11,19,500.0036290819655,12.344832142621499,stop,0
UNG,2014-06-13,2014-06-23,2,497.6954722808341,-34.39317128361779,stop,0
VGK,2014-04-30,2014-06-26,21,509.03776961895534,-11.572448975495377,stop,0
DJP,2014-06-19,2014-07-01,9,213.88232515148403,-9.65912398530324,stop,0
USO,2014-05-21,2014-07-03,2,362.1238295014452,-7.44637641224034,stop,0
IWM,2014-05-12,2014-07-10,5,286.4236720417358,-4.290495917245096,stop,0
EWJ,2014-06-05,2014-07-10,22,492.57718180656167,-9.239513556132579,stop,0
SLV,2014-07-03,2014-07-15,19,227.16702225020256,-8.353237921722467,stop,0
CPER,2014-07-08,2014-07-16,25,324.5662922069772,-8.19939373464797,stop,0
SPY,2014-04-30,2014-07-31,5,456.6864908272513,8.94150958139062,stop,0
DBB,2014-06-25,2014-08-01,57,472.25712119599683,18.694173972907322,stop,1
VNQ,2014-06-30,2014-08-04,17,463.2019402775666,0.3862398747791076,stop,0
EWJ,2014-07-23,2014-08-05,17,389.54100880666977,-9.835304639287529,stop,0
FXI,2014-05-22,2014-08-07,31,496.15401895526713,53.85733908446002,stop,0
GLD,2014-07-17,2014-08-21,6,448.4723009224742,-7.002907259062454,stop,0
TLT,2014-07-15,2014-09-04,10,471.3159933007314,35.32256942514499,stop,0
DBB,2014-08-11,2014-09-09,57,496.67726524035186,13.700523885642383,stop,0
EEM,2014-08-04,2014-09-10,23,468.3894128844596,11.876923129260092,stop,0
VNQ,2014-08-14,2014-09-11,17,484.1285321315346,5.237834301343526,stop,0
FXI,2014-08-18,2014-09-11,24,448.0918932813649,2.229159997827935,stop,0
IWM,2014-09-11,2014-09-22,8,493.0715639227267,-24.334589736295584,stop,0
QQQ,2014-08-06,2014-10-01,9,462.75759328812063,29.104817976143465,stop,0
EWJ,2014-09-05,2014-10-01,19,442.6914906974964,-8.23007104928837,stop,0
FXI,2014-09-26,2014-10-02,27,491.05905250136925,-25.645139748735232,stop,0
UNG,2014-09-16,2014-10-08,2,430.4479823561756,-22.318764793848345,stop,0
DBB,2014-09-19,2014-10-15,58,508.36007097293077,-12.09646735245633,stop,0
TLT,2014-09-23,2014-10-16,9,456.32472030112297,39.05913384835668,stop,0
DBA,2014-10-06,2014-10-20,35,497.38407085698657,-20.249185869917028,stop,0
EWJ,2014-10-31,2014-11-04,20,484.24280123532424,-19.196635035756117,stop,0
UNG,2014-11-04,2014-11-11,2,437.43401414105426,-1.1258791898815161,stop,0
UNG,2014-11-21,2014-12-01,2,462.1527674452018,-52.3295551575402,stop,0
VNQ,2014-10-23,2014-12-09,16,483.8489035840169,25.919254356072543,stop,0
FXI,2014-11-28,2014-12-09,26,508.9459821442841,-11.05696275921889,stop,0
SPY,2014-12-11,2014-12-15,4,429.2441489429323,-12.919822613815029,stop,0
QQQ,2014-10-24,2014-12-16,8,450.84495767504876,15.074146344861958,stop,0
TLT,2014-10-27,2014-12-24,9,483.03717683441243,28.28585392548581,stop,0
IWM,2014-10-28,2015-01-06,8,487.869934626341,29.296417108971582,stop,0
GLD,2015-01-15,2015-01-29,6,480.7821702950213,-3.402016577016866,stop,0
FXI,2014-12-19,2015-01-30,25,491.8773397753816,25.801428457467807,stop,0
VNQ,2014-12-19,2015-02-02,15,494.9505807442486,45.95059004892511,stop,0
TLT,2015-01-05,2015-02-04,8,492.8270484642832,13.165483890394398,stop,0
IEF,2015-02-03,2015-02-11,9,501.3634139528194,-16.810578225740073,stop,0
FXI,2015-02-11,2015-03-05,16,338.5827891928783,-8.671904691825034,stop,0
EWJ,2015-01-29,2015-04-01,20,501.4921133238863,35.88764435653786,stop,0
VNQ,2015-03-18,2015-04-09,14,506.00357874917376,-4.004344388191782,stop,0
FXI,2015-04-06,2015-04-17,22,521.9115368977093,29.31236664844687,stop,0
TLT,2015-03-17,2015-04-22,8,510.2875699459675,-19.52138313888298,stop,0
EWJ,2015-04-13,2015-04-30,18,513.2950541702841,-27.90268604750696,stop,1
TIP,2015-03-18,2015-05-01,9,497.2860362014515,-10.095370201675905,stop,0
IWM,2015-02-04,2015-05-05,7,472.3934018594939,4.582408900135192,stop,0
EEM,2015-04-13,2015-05-06,23,522.7389726968365,-24.6187443426071,stop,1
FXI,2015-04-27,2015-05-06,19,500.38209340471303,-36.21662923530516,stop,1
DBB,2015-05-04,2015-05-11,57,515.6053796829995,-25.714686212535298,stop,0
FXI,2015-05-19,2015-05-28,19,479.76636247337944,-15.783363700845939,stop,1
EEM,2015-05-19,2015-05-28,15,324.9293477560177,-11.659014577205767,stop,0
EWJ,2015-05-12,2015-06-08,13,347.3064654553575,0.12725237266556633,stop,0
FXI,2015-06-08,2015-06-16,20,491.5685703093176,-40.88082347581593,stop,1
IWM,2015-05-18,2015-06-29,7,490.35272052541336,-14.833707432108099,stop,1
EWJ,2015-06-19,2015-06-29,18,470.54364140015105,-1.910657772342688,stop,0
FXI,2015-06-26,2015-07-06,21,471.7586128605501,-23.331052087343778,stop,1
TLT,2015-06-19,2015-07-10,8,440.3555607290112,-5.931364858733389,stop,0
IEF,2015-07-02,2015-07-10,9,470.24012568382466,-3.919034250684888,stop,0
IWM,2015-07-13,2015-07-24,6,424.0908794462255,-18.638066608899237,stop,0
QQQ,2015-02-03,2015-08-12,8,501.04525508942555,10.088000955410337,stop,0
EWJ,2015-07-17,2015-08-12,18,487.79355265922,-16.74144697467233,stop,1
SPY,2015-02-06,2015-08-20,3,337.0119090190315,-14.322838577196535,stop,0
VNQ,2015-07-07,2015-08-24,14,456.2549701853553,-27.514864765721143,stop,0
TLT,2015-07-21,2015-08-25,8,449.7703056572434,12.08002586457178,stop,0
EMB,2015-09-17,2015-09-23,11,453.2073966223886,-1.847044528190736,stop,0
TLT,2015-09-04,2015-11-03,7,418.57639158907,-16.388137853314106,stop,0
VNQ,2015-09-23,2015-11-09,14,454.8686673882383,9.532475794015966,stop,0
FXI,2015-10-23,2015-11-09,23,465.6938795504942,-26.11906081897672,stop,0
SPY,2015-11-02,2015-11-12,4,460.3057363677346,-10.290091683454477,stop,0
SPY,2015-11-27,2015-12-03,2,236.40311536632487,-12.26593318287027,stop,0
TLT,2015-12-01,2015-12-03,7,424.23690319437827,-16.250463361662753,stop,0
EMB,2015-10-09,2015-12-04,11,462.11412780904385,-2.668751215151019,stop,0
EWJ,2015-11-06,2015-12-08,12,322.0197575153629,-10.394874110517947,stop,0
IWM,2015-11-18,2015-12-08,6,409.39427683192787,-13.023790730070289,stop,1
QQQ,2015-09-22,2016-01-04,7,440.89744490869094,34.05735803651288,stop,0
SPY,2015-12-14,2016-01-04,4,452.05692812658907,3.6630974247872246,stop,0
EWJ,2015-12-18,2016-01-04,17,448.7945347560915,-5.001579053071907,stop,0
TLT,2015-12-17,2016-02-12,7,428.41579874367335,38.60009754207266,stop,0
TLT,2016-02-22,2016-03-01,6,415.01578080720276,-6.9212434902970585,stop,0
GLD,2016-02-11,2016-03-23,5,414.1611408125767,-3.7325840571409685,stop,0
VNQ,2016-04-07,2016-04-11,11,434.57521645406615,-8.477148046005595,stop,0
TLT,2016-03-29,2016-04-21,6,409.4271671197069,-11.615951748840018,stop,0
QQQ,2016-04-06,2016-04-27,6,440.02871406316376,-31.49079573763487,stop,0
SPY,2016-03-22,2016-05-06,3,369.0098784114304,-12.318065375653532,stop,0
SLV,2016-04-18,2016-05-09,42,456.62924480397817,14.09041285886974,stop,0
VNQ,2016-04-26,2016-05-17,12,457.33320074341793,0.48819305852646266,stop,0
GLD,2016-04-12,2016-05-19,5,423.52051574847275,-19.250962790548897,stop,0
SPY,2016-05-25,2016-06-16,3,364.89736611122066,1.0009533052572124,stop,0
QQQ,2016-05-31,2016-06-16,6,427.7979043311639,-10.413730823412209,stop,0
TLT,2016-05-13,2016-06-20,6,415.480691102903,-8.967365595493902,stop,0
DBA,2016-06-08,2016-06-21,33,451.88762026896114,-24.401390771956585,stop,0
GLD,2016-06-13,2016-06-21,3,260.815352966121,-14.511422194133075,stop,0
GLD,2016-07-01,2016-07-14,4,390.36320809825844,-15.394427533677913,stop,0
TLT,2016-06-30,2016-07-15,6,471.5126225918288,-0.6326493184277524,stop,0
SLV,2016-06-08,2016-07-20,40,450.0320257585003,106.42727650107673,stop,0
VNQ,2016-05-27,2016-08-16,11,422.699232229271,80.27231619095863,stop,0
SLV,2016-08-18,2016-08-24,22,316.81208323839894,-24.36728443549231,stop,0
GLD,2016-07-25,2016-08-25,4,385.1921581162431,-6.411852616489455,stop,0
DBA,2016-08-22,2016-08-29,23,318.68347618250186,-13.906281014485103,stop,0
DBB,2016-07-25,2016-09-09,54,468.4929184075739,-20.566696578976632,stop,0
TLT,2016-07-26,2016-09-09,5,399.6726898836611,-17.186709631908627,stop,0
EWJ,2016-08-29,2016-09-09,15,466.18991846254596,-10.502447670354798,stop,1
QQQ,2016-07-20,2016-09-12,5,403.22285839706643,-9.451049260284606,stop,0
FXI,2016-08-26,2016-09-12,20,448.6117645080957,-9.913302300602425,stop,1
EWJ,2016-09-20,2016-09-26,14,437.90015706322566,1.3013150267954074,stop,0
SLV,2016-09-13,2016-09-27,33,451.7782330200121,1.7322859913363686,stop,0
GLD,2016-09-13,2016-10-03,4,384.5144784718011,1.2560578438756806,stop,0
VNQ,2016-09-20,2016-10-03,10,449.7782251855501,-3.838835670472861,stop,0
DBB,2016-09-19,2016-10-11,52,453.2343016009488,32.16786472611216,stop,1
FXI,2016-09-29,2016-10-13,19,439.74569926052726,7.8328364052295,stop,0
IWM,2016-07-22,2016-10-26,5,407.3284664294242,19.89377711373436,stop,0
EMB,2016-09-28,2016-10-27,7,392.44272129535744,14.584346390815483,stop,0
SPY,2016-07-15,2016-11-01,3,422.02649501913373,16.520646122694302,stop,0
QQQ,2016-10-05,2016-11-01,5,438.52991238459776,-0.6060989128412189,stop,0
EEM,2016-10-13,2016-11-03,19,466.27201091581776,-26.484150513973532,stop,1
SLV,2016-11-02,2016-11-11,32,460.2025147724594,-29.265527949154034,stop,0
CPER,2016-11-07,2016-11-14,37,455.9042537316442,40.7409029093327,stop,0
DBB,2016-10-24,2016-11-15,51,473.5377928115629,30.690010678223416,stop,0
CPER,2016-11-25,2016-11-29,33,469.2919303702338,-18.109807281857798,stop,0
DBB,2016-11-25,2016-11-29,44,473.9677824049765,-24.63382203627981,stop,0
FXI,2016-12-01,2016-12-14,19,449.16616762900185,-22.67096119274362,stop,0
UNG,2016-12-01,2016-12-15,4,453.75907997045476,-10.862518695767335,stop,0
DJP,2016-11-30,2016-12-19,24,457.28754197984955,-2.1872172377269408,stop,0
CPER,2016-12-16,2016-12-28,23,308.80255600517125,-7.072970637123035,stop,0
EWJ,2016-10-10,2016-12-29,13,434.011625178989,-7.421803391482172,stop,0
DJP,2016-12-30,2017-01-30,16,317.9645663701017,-12.508555093200926,stop,0
CPER,2017-02-01,2017-02-23,21,296.6149932653149,-5.965594002846217,stop,0
SLV,2017-02-27,2017-03-02,22,308.73155069039234,-10.112655488475013,stop,0
DBB,2016-12-16,2017-03-07,46,471.1864662244209,20.743161538055347,stop,1
USO,2016-12-21,2017-03-08,6,448.0002590558224,-16.48321930338642,stop,0
VNQ,2017-01-04,2017-03-08,9,427.6998499046691,-9.997812556365773,stop,0
IWM,2016-11-09,2017-03-09,5,439.1813162455165,51.05358653802648,stop,0
SPY,2016-11-14,2017-03-22,3,448.85848863977577,32.4092925687994,stop,0
FXI,2017-03-06,2017-03-30,19,477.01864929439336,-8.324202243212994,stop,1
EWJ,2017-03-10,2017-03-31,13,459.48685288492334,-22.407692873292774,stop,1
DBB,2017-03-24,2017-04-03,42,461.7293711115387,-15.516566905008574,stop,0
EEM,2017-03-09,2017-04-10,12,304.66765574976466,-0.2852523214739904,stop,0
SLV,2017-04-03,2017-04-10,33,459.1016351163563,-14.877714008928194,stop,0
CPER,2017-04-05,2017-04-12,33,468.72954217702977,-31.240478904563417,stop,1
GLD,2017-03-22,2017-04-19,4,384.10859474807665,-11.854573333928954,stop,0
SLV,2017-04-20,2017-04-26,33,442.6802114833095,-24.474603759360548,stop,0
VNQ,2017-04-10,2017-04-28,9,427.8302367824332,-29.312894492262444,stop,0
FXI,2017-04-12,2017-05-04,18,444.6189777529702,-26.97080567418135,stop,0
QQQ,2016-11-21,2017-05-17,5,455.2956347358098,34.25663506544521,stop,1
IWM,2017-04-20,2017-05-17,3,289.3288994673898,-12.382471171292252,stop,0
UNG,2017-05-12,2017-05-17,4,394.4606196457726,-35.5008527740394,stop,0
EEM,2017-04-28,2017-05-18,17,438.64120465614127,-15.180597541577868,stop,1
VGK,2017-03-10,2017-06-12,15,464.48302933778496,21.555789525951013,stop,1
GLD,2017-05-26,2017-06-12,4,379.78573073844893,-2.8907342342204174,stop,0
SLV,2017-06-06,2017-06-12,33,431.74138425190745,-15.121115887256963,stop,0
EWJ,2017-04-24,2017-06-15,12,406.20966254552275,10.201847766402807,stop,0
FXI,2017-05-15,2017-06-15,17,421.3616560099576,-3.928284651276556,stop,0
CPER,2017-06-09,2017-06-23,22,297.8282597606435,-22.81183989642085,stop,0
QQQ,2017-06-16,2017-06-28,4,417.73005802605326,-19.655854246279603,stop,1
SPY,2017-05-19,2017-06-29,1,161.29192784857716,-3.8485759862605278,stop,0
EWJ,2017-06-26,2017-07-06,12,429.366067315396,-22.768168918581523,stop,1
IWM,2017-06-14,2017-08-03,4,399.1606473327523,-23.440090942061033,stop,1
EEM,2017-05-30,2017-08-10,11,291.8012186396652,4.960278877123926,stop,0
FXI,2017-06-26,2017-08-10,16,412.6622030248078,3.2627019042406573,stop,1
VGK,2017-07-12,2017-08-11,12,393.15712434127295,-9.219168795963355,stop,0
DJP,2017-07-26,2017-08-15,16,284.0136418889825,-6.042570414622162,stop,0
DBB,2017-06-30,2017-08-17,40,419.9680650980693,32.250791507493034,stop,0
CPER,2017-07-03,2017-08-17,31,417.08868698891644,30.375657311595603,stop,0
USO,2017-08-01,2017-08-17,3,186.51016683453616,-11.787374322471976,stop,0
QQQ,2017-08-11,2017-08-18,3,311.6136668395674,-5.746264111524965,stop,0
CPER,2017-08-28,2017-09-08,27,417.7228406063817,-18.21183242115285,stop,0
DBB,2017-08-28,2017-09-08,36,422.8056246109592,-19.75286626467863,stop,0
GLD,2017-09-08,2017-09-18,4,391.17506536814574,-25.264732141022137,stop,0
FXI,2017-08-21,2017-09-25,16,427.4939438688698,-13.19368027132009,stop,0
EEM,2017-08-21,2017-09-25,15,419.2340980531235,-16.2684279213247,stop,0
DJP,2017-08-31,2017-10-02,23,418.8390529721636,-23.956472521375474,stop,1
USO,2017-09-15,2017-10-06,5,303.2494905428569,-0.5879781538453699,stop,0
VNQ,2017-09-12,2017-10-25,9,406.8159723267788,-12.610972609514931,stop,0
EEM,2017-10-10,2017-10-25,14,401.6988374294695,-12.289282456140995,stop,0
VGK,2017-08-25,2017-10-27,12,402.27801203510535,-6.328920018042538,stop,1
IWM,2017-09-27,2017-11-07,4,397.30889422627956,-1.1355052034405162,stop,0
DBB,2017-09-20,2017-11-09,32,361.94554536157347,4.106426400841315,stop,0
CPER,2017-10-27,2017-11-14,17,261.9057205971969,-10.889460556559612,stop,0
DJP,2017-10-27,2017-11-14,19,351.43032707935885,-8.801932821748892,stop,1
USO,2017-10-30,2017-11-14,5,342.3124739538921,-8.799361783595202,stop,1
EWJ,2017-11-10,2017-11-15,7,264.86126488208083,-12.676295078366195,stop,0
FXI,2017-10-05,2017-11-29,14,401.6077915742456,-12.100796749796757,stop,0
SLV,2017-11-16,2017-11-29,32,394.18827283303597,-22.857461151503912,stop,0
CPER,2017-11-24,2017-11-29,17,263.4127389967759,-18.097252241413855,stop,0
TLT,2017-11-15,2017-11-30,4,300.78309159856207,-18.628272350404018,stop,0
QQQ,2017-09-27,2017-12-01,3,308.5949767101336,8.83023025103455,stop,0
GLD,2017-11-17,2017-12-05,4,375.08756583328284,-19.846108025350986,stop,0
DJP,2017-11-24,2017-12-05,11,201.78637999550125,-12.801461158414725,stop,0
VNQ,2017-11-07,2017-12-06,8,367.24673362064055,-17.395615939325353,stop,0
IWM,2017-12-01,2017-12-06,3,310.4229307996769,-12.138917860854463,stop,1
TLT,2017-12-11,2017-12-19,5,370.87767103828,-10.297381098755636,stop,0
CPER,2017-12-15,2018-01-23,25,378.64708289686604,-24.196900582599767,stop,0
EEM,2017-12-13,2018-01-30,13,370.12826302415175,10.929411066469754,stop,0
GLD,2018-01-23,2018-01-30,1,93.81320019570659,-7.052885717404067,stop,0
EWJ,2017-12-01,2018-01-31,10,372.4364459451937,-1.8509752574822755,stop,0
QQQ,2017-12-11,2018-02-02,3,333.93225561007057,-2.885543755390131,stop,0
DJP,2017-12-28,2018-02-02,14,256.5175058774514,-13.486714030422291,stop,0
FXI,2018-02-02,2018-02-06,12,359.481392267855,-17.47677561492833,stop,0
USO,2017-12-01,2018-02-07,5,349.56745023098756,11.509569820952265,stop,0
DBB,2017-12-15,2018-02-07,26,300.69355680457153,-7.011657219153619,stop,0
GLD,2018-02-09,2018-02-27,4,364.0588333152508,-7.3547242383284015,stop,0
CPER,2018-02-13,2018-02-28,25,367.9829991218852,-7.429887668408014,stop,0
EWJ,2018-02-12,2018-03-01,10,368.6298870013623,-8.28183027829192,stop,0
DBB,2018-02-20,2018-03-01,21,245.76275437292782,-10.030596297476109,stop,0
DJP,2018-02-15,2018-03-19,14,247.02352911972366,-9.77287776424825,stop,0
CPER,2018-03-12,2018-03-20,16,231.3962502966538,-13.189155686371492,stop,0
QQQ,2018-02-26,2018-03-22,3,349.0455939890534,-21.66878955271136,stop,0
SPY,2018-03-08,2018-03-22,1,177.22238393668513,-14.50301608349443,stop,0
IWM,2018-03-06,2018-03-23,3,304.38736841347327,-19.590868148127413,stop,0
VGK,2018-03-07,2018-03-23,7,228.6118825273033,-16.542135313434528,stop,0
EEM,2018-03-07,2018-03-23,8,235.2341827704793,-17.75231898134078,stop,0
FXI,2018-03-21,2018-03-23,7,202.07541652523193,-16.97678694801627,stop,0
GLD,2018-03-09,2018-03-28,3,276.5341035686015,-11.79626079695015,stop,1
GLD,2018-04-09,2018-04-23,2,182.41100834329953,-5.147366436624736,stop,0
DBB,2018-04-18,2018-04-23,20,234.98026957290045,-12.432441302752324,stop,0
CPER,2018-04-23,2018-05-01,16,230.34932749901367,-6.826097520203518,stop,0
VGK,2018-05-07,2018-05-24,10,337.6101299247299,-4.36653486410853,stop,0
USO,2018-02-27,2018-05-25,5,367.6701228015471,43.78952012271532,stop,1
DJP,2018-04-09,2018-06-04,13,228.0565950279879,14.381381250570058,stop,0
TLT,2018-05-29,2018-06-06,4,292.4525112897688,-16.45750616443098,stop,0
CPER,2018-05-11,2018-06-14,22,334.3062132594928,2.48653948405223,stop,1
DBB,2018-05-03,2018-06-15,29,340.7888833594803,-4.087639842404428,stop,1
SLV,2018-05-10,2018-06-15,29,348.72757313996385,-9.637216983726262,stop,1
EWJ,2018-04-03,2018-06-19,9,326.77626491668,9.553927092489687,stop,0
QQQ,2018-05-30,2018-06-25,2,245.73203364633707,-3.062007519573342,stop,0
SPY,2018-05-31,2018-06-25,1,182.71207340691575,-5.594960753129243,stop,0
IWM,2018-05-04,2018-06-27,3,313.92959891190253,20.12148358512337,stop,0
USO,2018-06-25,2018-07-11,4,334.94986974264754,9.409900346181814,stop,0
TLT,2018-07-03,2018-07-23,4,294.6013584196243,-8.29586593539426,stop,0
VNQ,2018-07-05,2018-07-23,7,324.64899164652974,-11.783511335595506,stop,0
IWM,2018-07-09,2018-07-30,3,349.1969146765915,-13.259525464518333,stop,0
QQQ,2018-07-11,2018-07-30,2,256.72461397490355,-5.641831027868534,stop,0
EWJ,2018-08-08,2018-08-13,8,311.1102934041323,-10.718508848038823,stop,0
USO,2018-07-23,2018-08-15,4,347.3437715847036,-8.88385624870557,stop,0
DJP,2018-08-09,2018-08-15,18,334.39824547723026,-11.94009115247485,stop,0
QQQ,2018-08-09,2018-09-06,2,272.48333593262635,-9.403436942336782,stop,0
VNQ,2018-08-16,2018-09-19,6,292.1581609990605,-20.02142049838909,stop,0
IWM,2018-08-09,2018-10-01,2,239.90311135371178,-10.629021774236179,stop,0
QQQ,2018-09-17,2018-10-04,2,264.7132815587099,-2.689617952472304,stop,0
EWJ,2018-09-18,2018-10-04,8,309.8452681094112,-4.7122396670044395,stop,0
SPY,2018-07-13,2018-10-08,1,190.17389398753906,0.6863513411701092,stop,0
USO,2018-08-27,2018-10-10,3,273.16615344042566,3.356232368113922,stop,0
DJP,2018-09-26,2018-10-11,18,325.1610759409546,-2.452576838281459,stop,0
UNG,2018-10-01,2018-10-12,4,327.5560053057043,-13.564988004087354,stop,1
DJP,2018-10-22,2018-10-30,17,320.83991161696656,-13.168815564878514,stop,1
USO,2018-10-22,2018-10-31,2,185.05847330834607,-15.247958536513408,stop,0
UNG,2018-10-22,2018-11-15,3,249.1411065354897,81.78888681062955,stop,1
IWM,2018-11-08,2018-11-20,3,331.5652785533321,-22.85502224333578,stop,1
QQQ,2018-11-08,2018-11-20,2,257.1434061643521,-24.90469964027534,stop,0
SPY,2018-11-27,2018-12-06,1,190.51042855741886,-8.68874360152816,stop,0
IWM,2018-11-30,2018-12-06,3,328.49763155830914,-22.57473579710586,stop,0
QQQ,2018-12-03,2018-12-07,2,260.78065897793584,-22.860545325048662,stop,0
UNG,2018-11-26,2018-12-14,3,326.9791797565573,-28.66833907320415,stop,0
DJP,2018-12-07,2018-12-18,17,314.62675715930664,-21.620011140116446,stop,0
TLT,2018-12-20,2019-01-09,4,308.08170682088416,-9.123469341899124,stop,0
UNG,2018-12-24,2019-02-04,3,280.1337006572474,-63.620213469500555,stop,0
TLT,2019-01-22,2019-03-01,4,300.02568436325464,-13.365778611820986,stop,0
GLD,2019-02-20,2019-03-01,3,293.96800778541075,-16.707060379138795,stop,0
IWM,2019-02-14,2019-03-06,2,221.4930724773508,-12.351963247562765,stop,0
TLT,2019-03-13,2019-04-03,4,296.25845683201055,2.668973769726108,stop,0
FXI,2019-04-05,2019-04-25,10,299.08932954894135,-13.759681584358077,stop,0
USO,2019-04-01,2019-04-26,3,238.01202906515238,3.417553774694966,stop,0
SPY,2019-02-04,2019-05-09,1,189.75759493185458,4.03063579599106,stop,0
QQQ,2019-02-06,2019-05-09,2,254.60324958732633,11.979247530497105,stop,0
IWM,2019-04-04,2019-05-09,2,220.46474241311793,-7.013763241647638,stop,0
VNQ,2019-01-17,2019-06-26,6,279.19772827907514,30.113382394185578,stop,0
GLD,2019-05-31,2019-06-26,3,296.2764970208048,14.854285395998147,stop,0
TLT,2019-04-15,2019-07-11,4,305.12546187437016,30.756974199646322,stop,0
VNQ,2019-07-08,2019-07-19,5,278.97533206831116,-13.912128670010361,stop,0
EEM,2019-06-27,2019-07-30,10,292.54228125419263,0.5440851316981252,stop,0
SPY,2019-06-26,2019-08-01,1,209.95104131775457,5.493650390370817,stop,0
SLV,2019-07-17,2019-08-01,25,303.78620004584695,1.8986205105169915,stop,0
QQQ,2019-06-26,2019-08-02,2,283.63080014974474,8.588461804944643,stop,0
VNQ,2019-07-29,2019-08-05,5,281.37145850470426,-10.472715243484629,stop,0
TLT,2019-07-23,2019-08-08,3,259.298666848868,16.066796769178154,stop,0
GLD,2019-07-08,2019-09-05,2,213.0920123839009,13.99535925894898,stop,0
SLV,2019-08-12,2019-09-05,23,307.81263300845455,14.944321891717777,stop,0
TLT,2019-09-05,2019-09-12,3,289.2845322793149,-16.72357333632931,stop,0
CPER,2019-09-13,2019-09-17,22,301.0421541734311,-16.214281812578747,stop,0
UNG,2019-09-16,2019-09-20,3,228.0363403731406,-22.819958364089814,stop,0
FXI,2019-09-05,2019-09-24,11,310.5539029086855,-13.169143172661677,stop,0
EEM,2019-09-11,2019-09-25,10,291.8599002473541,-13.1194653450695,stop,0
DJP,2019-09-16,2019-09-25,16,297.4363942882203,-15.58875581086403,stop,0
SLV,2019-09-19,2019-09-27,22,295.30190720682236,-7.8140860186753685,stop,0
GLD,2019-09-24,2019-09-30,1,118.92717041993666,-9.065654605464928,stop,0
QQQ,2019-09-10,2019-10-02,2,298.8649668276373,-13.911719351103557,stop,0
SPY,2019-09-26,2019-10-02,1,221.9924724157661,-11.238968832301566,stop,0
TLT,2019-10-04,2019-10-11,3,292.2332445439102,-24.487592180917886,stop,0
VNQ,2019-08-15,2019-11-07,5,289.95394641564087,-16.860243362280244,stop,0
SLV,2019-10-07,2019-11-07,21,281.8752161019879,-23.155358527117187,stop,0
GLD,2019-10-14,2019-11-07,2,226.30661421194984,-14.501147428221373,stop,0
FXI,2019-11-05,2019-11-11,7,200.66227576517343,-10.533941965030266,stop,0
CPER,2019-10-30,2019-11-13,14,185.71524685401138,-8.72756121454006,stop,0
EEM,2019-11-11,2019-12-03,7,204.66456991255095,-14.145253982343007,stop,0
FXI,2019-11-21,2019-12-03,10,275.7039100085994,-13.596990438740022,stop,0
VNQ,2019-12-09,2019-12-12,4,222.11447893409604,-12.370292340127008,stop,0
CPER,2019-12-09,2020-01-03,20,265.7705020291884,-2.6717461258428443,stop,0
USO,2019-11-13,2020-01-08,3,226.5869728461541,-0.4626235527882443,stop,0
SLV,2020-01-07,2020-01-14,20,264.85386511622596,-13.241826472147721,stop,0
DJP,2019-12-16,2020-01-15,10,172.8070543853662,-2.8440293557424923,stop,0
CPER,2020-01-16,2020-01-21,18,249.10992094438583,-9.293802208227703,stop,0
DBB,2019-12-27,2020-01-23,18,181.8776663035793,-8.653438342936425,stop,0
IWM,2019-11-11,2020-01-24,2,232.60563953585742,-2.919115195986535,stop,1
EWJ,2019-10-11,2020-01-27,7,275.6143305579935,-5.132121644835138,stop,0
VGK,2019-10-17,2020-01-27,8,278.3460773172085,3.044277355728127,stop,0
GLD,2020-01-17,2020-02-04,2,230.97815158296652,-9.860355080105933,stop,1
EWJ,2020-02-06,2020-02-14,6,245.93660122884418,-14.882012228955261,stop,0
QQQ,2019-10-15,2020-02-24,1,148.36961639228872,13.391500927875398,stop,0
IWM,2020-02-05,2020-02-24,2,240.19171402862483,-12.867435170385903,stop,0
VGK,2020-02-11,2020-02-24,7,260.3643656241073,-18.97040701120548,stop,0
VNQ,2020-01-13,2020-02-25,4,227.97735207060728,1.3671297096174442,stop,0
SLV,2020-01-27,2020-02-25,14,184.25089032020892,-4.332283389081908,stop,0
GLD,2020-02-14,2020-02-25,2,231.56640264254045,3.7911724626106036,stop,0
TLT,2020-01-23,2020-03-03,2,178.69580487507568,13.398214987176317,stop,0
EMB,2020-03-04,2020-03-06,3,202.87723503020177,-12.276379911753594,stop,0
TIP,2020-03-09,2020-03-10,3,219.40299422868134,-6.533394928919108,stop,0
LQD,2020-03-09,2020-03-10,3,239.2525361421687,-7.257189741344547,stop,0
GLD,2020-03-06,2020-03-12,2,244.68117474842697,-6.826445838636516,stop,0
IEF,2020-03-10,2020-03-12,3,238.36109110062816,-3.6905318514925227,stop,0
TLT,2020-03-13,2020-03-18,2,208.92445602393698,0.7593899279757466,stop,0
SLV,2020-05-11,2020-06-05,21,249.17651159585935,14.626257038649413,stop,0
QQQ,2020-05-22,2020-06-12,1,185.08469404517453,-9.034827826172432,stop,0
SLV,2020-06-16,2020-07-30,19,249.03911836526922,62.58995268967331,stop,0
CPER,2020-08-03,2020-08-07,13,184.9975220359075,-13.71910009009784,stop,0
GLD,2020-03-23,2020-08-11,2,256.89984893148244,17.611722440704455,stop,0
DBB,2020-08-03,2020-09-08,26,260.7457877416212,-2.7159495102920346,stop,1
EMB,2020-06-09,2020-09-21,3,193.67883504146255,-1.9032289962246978,stop,0
SLV,2020-08-13,2020-09-21,13,256.37692943454266,-28.30202130686547,stop,0
CPER,2020-09-10,2020-09-23,12,175.7322827266835,-7.393043493737878,stop,0
GLD,2020-09-10,2020-09-23,1,145.68282664209352,-11.14151809132332,stop,0
VGK,2020-10-05,2020-10-26,4,140.5682697197097,-10.440341708776174,stop,0
FXI,2020-10-28,2020-11-10,4,121.17170596821215,0.782872874674652,stop,0
EWJ,2020-09-23,2020-11-12,6,247.10400031436652,0.9094070320620062,stop,0
CPER,2020-10-21,2020-12-22,14,214.43068640629252,9.786822696659726,stop,1
SLV,2020-12-24,2021-01-08,13,237.97843556892747,-11.812086225076087,stop,1
EMB,2020-11-16,2021-01-11,3,198.53298225008996,-9.71705038969884,stop,0
DBB,2020-09-23,2021-01-15,25,256.43779632093083,11.608140975483138,stop,1
EWJ,2021-01-20,2021-01-29,5,227.21174123160284,-13.705455767536705,stop,0
TLT,2020-03-30,2021-02-16,2,223.0264974267696,-52.47995878542025,stop,0
IEF,2020-03-23,2021-02-24,3,267.4788829543024,-59.97622040815864,stop,1
CPER,2021-01-12,2021-02-26,14,233.51393075594837,22.203625788892623,stop,0
DJP,2021-01-13,2021-02-26,14,238.3739454155114,2.4885450705947676,stop,1
DBB,2021-02-18,2021-02-26,13,150.76629691916844,-1.86254305975865,stop,0
DBA,2021-02-02,2021-03-04,21,226.43595990635058,-1.51798115729963,stop,0
VNQ,2021-02-26,2021-03-04,4,208.5611833129891,-10.087515275409572,stop,0
FXI,2021-03-02,2021-03-08,7,222.52547042721815,-12.366106334150459,stop,0
DJP,2021-03-08,2021-03-18,8,143.12201296986836,-10.590762521073998,stop,0
EWJ,2021-03-02,2021-03-24,5,219.84416426616218,-2.8360867276377064,stop,0
VGK,2021-03-03,2021-03-25,6,225.80874638075858,-2.6062208413919166,stop,0
VNQ,2021-03-15,2021-05-12,4,220.8878915381019,-2.529106561870094,stop,0
IWM,2021-03-26,2021-05-12,1,152.69540796716245,-14.627219614994857,stop,0
DBB,2021-03-08,2021-05-19,15,181.47325982623823,0.5297389055444626,stop,1
DJP,2021-05-14,2021-05-19,8,152.84762445043256,-7.922497451573236,stop,0
CPER,2021-03-08,2021-06-03,12,225.05958616896993,5.8811818213902995,stop,1
DBA,2021-05-19,2021-06-17,19,223.7139496475029,-8.60613304233155,stop,1
DJP,2021-06-01,2021-06-17,10,194.93699646643114,-9.61199251828819,stop,0
DJP,2021-06-28,2021-07-06,12,234.3443908518816,-6.413716329800906,stop,0
UNG,2021-06-08,2021-07-07,7,220.4788811979093,30.099726098927846,stop,0
IWM,2021-07-01,2021-07-07,1,160.5431857481219,-12.66093111966643,stop,0
USO,2021-03-29,2021-07-19,7,216.24584529302766,21.20286566746401,stop,0
CPER,2021-07-20,2021-08-03,12,236.38018817261806,-9.375006750996903,stop,1
DJP,2021-07-16,2021-08-09,11,219.46371979676258,-9.326374836571915,stop,0
UNG,2021-08-05,2021-08-13,5,212.46973009257763,-19.43520171246982,stop,0
DBB,2021-07-19,2021-08-18,18,228.73051555315706,-5.8611483356914675,stop,1
EWJ,2021-08-13,2021-08-19,5,222.71661349339388,-9.484572130774268,stop,0
USO,2021-08-17,2021-08-20,6,206.3469384785519,-18.082312678137242,stop,0
VGK,2021-08-20,2021-09-09,5,217.04918995284663,-8.30898398896528,stop,0
VNQ,2021-05-24,2021-09-10,3,174.9935893134031,13.444919976435585,stop,0
DBA,2021-07-19,2021-09-10,13,155.27269071460165,-4.074633956614406,stop,0
UNG,2021-08-25,2021-09-16,5,202.7922875180716,62.028942970078106,stop,0
IWM,2021-08-24,2021-09-20,1,154.39531927756917,-8.219871946910558,stop,0
DJP,2021-09-10,2021-09-20,7,148.17153335645185,-8.186798240629088,stop,1
DBB,2021-09-13,2021-09-20,10,135.40103686844054,-8.14897226540073,stop,0
CPER,2021-09-15,2021-09-20,7,139.5075553693154,-12.174996872229272,stop,0
VNQ,2021-09-22,2021-09-28,3,197.25373046645512,-11.918468857657047,stop,0
EWJ,2021-09-20,2021-09-30,4,191.20897882683693,-8.23549912343671,stop,0
UNG,2021-09-27,2021-10-06,3,180.93948530753784,-10.689816830777602,stop,0
DBA,2021-10-01,2021-10-13,9,116.75983906094275,-9.24734940188263,stop,0
DBB,2021-10-01,2021-10-21,11,148.5501162747776,1.9176562989213721,stop,0
CPER,2021-10-13,2021-10-22,7,144.08231388138483,-7.387780618314935,stop,0
UNG,2021-10-25,2021-11-01,3,180.81486485504877,-32.217334813284964,stop,0
USO,2021-09-20,2021-11-03,6,220.91896799133164,18.50928399143993,stop,0
DJP,2021-09-30,2021-11-09,10,224.17639238373647,-8.592497551006119,stop,1
SLV,2021-11-09,2021-11-23,9,152.58871321671847,-9.63803804091873,stop,0
DBA,2021-10-26,2021-11-26,12,151.0936644121728,3.415834566290613,stop,0
EWJ,2021-11-22,2021-11-26,4,187.47883465577857,-10.567466546464743,stop,0
VNQ,2021-10-18,2021-11-30,3,196.54875783185193,0.10633116113996266,stop,0
CPER,2021-11-03,2021-12-15,11,221.14289195246835,-13.907914989425535,stop,1
TLT,2021-12-03,2021-12-29,2,199.36153512002565,-18.91019220378834,stop,0
VNQ,2021-12-17,2022-01-06,2,143.2531006873631,-9.087744424730488,stop,0
CPER,2021-12-31,2022-01-14,8,163.94798935541098,-9.132255149742008,stop,0
VGK,2022-01-10,2022-01-18,3,131.47862177669424,-6.825796049485021,stop,0
LQD,2020-04-09,2022-02-11,3,256.3046648782113,-32.97032558261847,stop,1
USO,2022-01-19,2022-02-18,3,137.5522134230554,-1.2094313210292569,stop,0
DJP,2021-11-30,2022-02-25,10,210.7243134718922,35.03180464324734,stop,0
DBA,2021-12-06,2022-02-25,16,213.8649376107362,2.8355795811394273,stop,0
CPER,2022-02-02,2022-03-07,6,123.75151280776386,3.4963369848654082,stop,0
DBB,2021-12-07,2022-03-08,11,156.1197678565945,25.10111107976735,stop,1
GLD,2022-02-25,2022-03-09,1,134.71470547656605,3.3011406288496232,stop,0
USO,2022-02-28,2022-03-09,2,103.59452622323559,14.678559291876624,stop,0
DJP,2022-03-07,2022-03-09,4,123.65093040203595,-10.454554753001787,stop,0
TIP,2020-03-26,2022-04-14,3,235.64932234222124,-5.358469700178006,stop,0
UNG,2022-03-02,2022-04-19,4,204.228946254748,101.22376419241613,stop,1
CPER,2022-03-17,2022-04-22,9,202.1904654432858,-10.483338023993724,stop,1
DBB,2022-03-18,2022-04-25,13,221.01745458713089,-10.29366715252246,stop,1
VNQ,2022-04-01,2022-04-25,3,216.13351278395007,-5.330882795448815,stop,0
DBA,2022-03-07,2022-05-09,14,214.0997490680267,-0.748098599910918,stop,1
DJP,2022-03-21,2022-05-09,7,210.8362636304314,0.2373761170414923,stop,1
UNG,2022-04-29,2022-05-09,1,82.75308087214827,-2.1112590116058243,stop,0
UNG,2022-05-19,2022-06-09,1,93.00136724310065,-8.528715057356408,stop,0
DJP,2022-05-19,2022-06-14,5,160.0177420842238,-1.079143655417198,stop,0
USO,2022-04-27,2022-06-17,3,192.1026017970789,8.409218555640479,stop,1
DBA,2022-05-23,2022-06-22,14,226.40623410232564,-13.438749952528497,stop,1
USO,2022-06-27,2022-07-05,3,206.2006652833773,-14.68615824701402,stop,0
FXI,2022-07-19,2022-08-01,9,219.87973625750737,-26.525063116235856,stop,0
GLD,2022-08-05,2022-08-19,1,140.28811334194745,-6.192111406002681,stop,0
DBB,2022-08-11,2022-09-01,10,147.25913056305646,-11.265634923836274,stop,0
UNG,2022-06-21,2022-09-06,3,227.4235160627743,61.505548511181644,stop,1
USO,2022-07-20,2022-09-07,3,197.9444170723764,-21.558700061302773,stop,0
DJP,2022-07-29,2022-09-07,7,211.51434083073386,-5.868813640938583,stop,0
UNG,2022-09-16,2022-10-03,2,192.41304719075538,-38.68224908776236,stop,0
DJP,2022-10-03,2022-10-18,7,210.61121071084776,-10.056463288304002,stop,0
USO,2022-10-05,2022-10-18,3,199.63138624523822,-21.614903335517653,stop,1
DBA,2022-08-03,2022-10-26,10,146.91816030455809,0.4354923050632067,stop,0
DJP,2022-10-31,2022-11-09,7,208.18803053621488,-1.8704954021265792,stop,0
USO,2022-10-28,2022-11-10,3,191.63213769114202,-12.468461908424956,stop,0
DBA,2022-11-14,2022-11-28,13,199.34594707248397,-13.84390239133046,stop,0
UNG,2022-11-16,2022-12-02,2,138.33773472454232,-13.01071981192949,stop,0
DJP,2022-11-21,2022-12-05,6,177.90747797547797,-17.522394850998353,stop,0
UNG,2022-12-12,2022-12-20,3,198.0987724760771,-35.9683287704579,stop,0
DBA,2022-12-20,2023-01-04,9,133.16017321347942,-5.324285312230529,stop,0
DJP,2022-12-22,2023-01-04,4,113.9427987657756,-9.173379749719416,stop,0
USO,2022-12-23,2023-01-05,2,118.53868868390778,-14.580018749500397,stop,0
SLV,2022-11-09,2023-01-23,12,208.1295064722426,-8.152811764053553,stop,0
CPER,2022-12-05,2023-02-02,10,190.99503263040882,9.053769803986825,stop,0
USO,2023-01-17,2023-02-02,3,178.21583604116927,-18.77274310713355,stop,1
GLD,2022-12-08,2023-02-03,1,139.3357556298992,2.359905559686325,stop,0
DJP,2023-01-19,2023-02-03,5,138.40995032103666,-8.380773666507508,stop,0
IWM,2023-01-27,2023-02-10,1,149.73527725514577,-3.1170024122533277,stop,0
SLV,2023-02-02,2023-02-14,10,179.8048638832537,-19.27097024298388,stop,0
VNQ,2023-02-14,2023-02-24,2,131.97469581577238,-11.154994749288761,stop,0
DBA,2023-01-27,2023-02-27,13,188.2884470966335,1.6343647816822227,stop,0
VGK,2023-03-03,2023-03-10,3,138.51306077862094,-11.508851293769467,stop,0
USO,2023-02-13,2023-03-13,3,175.14292893095748,-19.66396702646915,stop,0
CPER,2023-03-01,2023-03-15,8,172.23824920414592,-17.535310589101982,stop,0
GLD,2023-03-15,2023-04-17,1,151.2014937752453,-5.247949572700946,stop,0
USO,2023-04-12,2023-04-26,1,61.24720361077626,-10.928942272246317,stop,0
SLV,2023-04-04,2023-05-11,9,168.65454887248117,-10.103652239998553,stop,0
GLD,2023-04-27,2023-05-16,1,151.0986801835501,-6.467717459334835,stop,0
VGK,2023-04-14,2023-05-24,3,139.42275970940256,-9.74557423247748,stop,0
EWJ,2023-04-13,2023-05-31,4,174.4874948094675,-4.326571388759646,stop,0
SLV,2023-05-31,2023-06-20,9,159.62706680492255,-12.979601343668207,stop,0
EEM,2023-06-13,2023-06-21,3,92.56010371116282,-8.725618414166092,stop,0
EWJ,2023-06-12,2023-06-23,3,143.8215206832508,-15.181780124170587,stop,1
DBA,2023-06-15,2023-06-23,10,153.7114002870899,-6.849897921205837,stop,0
VGK,2023-06-27,2023-07-06,3,137.31793740475533,-12.288059695789144,stop,1
EWJ,2023-07-03,2023-08-02,3,137.73805838168275,-7.522340499533442,stop,0
EEM,2023-07-05,2023-08-02,5,148.91422926767837,-3.001069406141113,stop,0
EMB,2023-07-11,2023-08-02,2,115.20688801942374,-3.4651320600184903,stop,0
VGK,2023-07-17,2023-08-02,3,134.77756232263195,-5.334410524976363,stop,0
CPER,2023-07-26,2023-08-02,8,152.58047391460576,-5.560952240465241,stop,0
DBA,2023-07-03,2023-08-03,10,152.11417947778685,-4.402732414797526,stop,0
IWM,2023-06-21,2023-08-14,1,142.4557813540076,-2.413908102913922,stop,0
FXI,2023-08-03,2023-08-14,7,154.91781658474977,-17.669249012921455,stop,1
USO,2023-08-04,2023-08-23,2,118.93948472608918,-10.86704834759378,stop,0
SLV,2023-08-23,2023-09-05,8,147.16359547346207,-12.027979171393838,stop,1
CPER,2023-08-14,2023-09-08,8,148.76626335080596,-5.422101516858987,stop,0
EMB,2023-08-17,2023-09-21,2,115.60164751108147,-2.52471692751503,stop,0
DBA,2023-08-14,2023-09-25,9,136.87366886059985,1.7993127881468354,stop,0
EWJ,2023-08-14,2023-09-25,3,135.0519252748985,0.13434281226381017,stop,0
SLV,2023-09-19,2023-09-27,5,89.09014065185637,-7.636436452211527,stop,0
DBB,2023-09-20,2023-10-03,11,146.78506618707368,-4.43551022209968,stop,0
USO,2023-09-05,2023-10-04,2,127.02732001225719,-1.8798868353629103,stop,0
USO,2023-10-16,2023-10-24,2,131.66659027101358,-9.429492727488665,stop,0
CPER,2023-10-31,2023-11-10,7,134.1019385521747,-9.280425500019234,stop,0
SLV,2023-10-13,2023-11-13,8,140.27369010558218,-12.120518023165033,stop,0
USO,2023-11-03,2023-11-16,1,63.71729323915562,-11.124807074230254,stop,0
DBA,2023-10-05,2023-11-24,9,143.68603253893065,-8.028246169144552,stop,0
DBB,2023-11-07,2023-12-05,8,108.99549188824436,-11.730328041681275,stop,0
CPER,2023-11-20,2023-12-05,7,135.88467474928424,-8.823235067210874,stop,0
SLV,2023-11-24,2023-12-05,5,91.5761794614411,-7.048706279554338,stop,0
