d,absmom,trend,bench_6040,stocks
1928-01-31,99.1165,99.1165,99.4908,99.1165
1928-02-29,97.6742,97.6742,98.6977,97.6742
1928-03-31,106.5528,106.5528,104.1992,106.5528
1928-04-30,111.3177,111.3177,107.0626,111.3177
1928-05-31,113.2553,113.2553,108.1968,113.2553
1928-06-30,108.0162,108.0162,104.9929,108.0162
1928-07-31,108.9627,108.9627,105.2348,108.9627
1928-08-31,116.5459,116.5459,109.6992,116.5459
1928-09-30,120.1649,120.1649,112.0522,120.1649
1928-10-31,122.3528,122.3528,113.4469,122.3528
1928-11-30,137.3987,137.3987,122.8917,137.3987
1928-12-31,137.93,137.93,123.0883,137.93
1929-01-31,144.6998,144.6998,126.6653,144.6998
1929-02-28,144.7904,144.7904,126.449,144.7904
1929-03-31,143.8872,143.8872,125.63,143.8872
1929-04-30,146.3911,146.3911,127.5212,146.3911
1929-05-31,137.8049,137.8049,123.0972,137.8049
1929-06-30,151.9021,151.9021,130.5534,151.9021
1929-07-31,159.1149,159.1149,134.7536,159.1149
1929-08-31,172.8986,172.8986,141.9603,172.8986
1929-09-30,163.8865,163.8865,137.3544,163.8865
1929-10-31,131.6484,131.6484,120.7066,131.6484
1929-11-30,115.174,126.1406,113.1837,115.174
1929-12-31,115.1822,126.4564,114.2215,116.9318
1930-01-31,114.8318,126.7856,118.2043,123.858
1930-02-28,115.3519,127.0648,120.3952,127.232
1930-03-31,116.8428,127.3956,126.4967,136.6001
1930-04-30,116.3807,127.7017,124.8623,134.1326
1930-05-31,117.2938,128.0213,124.0864,132.2021
1930-06-30,118.2098,128.3417,112.1232,111.2598
1930-07-31,118.53,128.663,115.0944,116.0938
1930-08-31,118.7513,128.663,115.3992,116.4633
1930-09-30,119.2739,128.985,106.9875,101.8197
1930-10-31,119.8978,128.985,101.9721,92.8792
1930-11-30,120.4211,129.282,100.651,90.2835
1930-12-31,120.4366,129.6186,96.6159,83.4167
1931-01-31,120.963,129.956,100.2159,88.8616
1931-02-28,120.2696,129.956,106.6047,98.5416
1931-03-31,120.9039,129.956,102.5292,92.275
1931-04-30,121.3351,129.956,96.385,83.0783
1931-05-31,122.6908,129.956,89.2859,72.0426
1931-06-30,123.3256,129.956,96.3442,82.0678
1931-07-31,123.4385,129.956,92.6756,76.6456
1931-08-31,123.4497,129.956,92.9062,76.9776
1931-09-30,123.0493,129.956,77.4616,54.5691
1931-10-31,119.5175,129.956,79.2931,58.9362
1931-11-30,119.8791,130.2552,75.8197,53.6809
1931-12-31,117.3116,130.2552,70.0221,46.4238
1932-01-31,114.5911,130.5813,69.1634,45.8104
1932-02-29,116.3863,130.8819,71.9936,48.4228
1932-03-31,118.5874,131.2226,67.5732,43.0666
1932-04-30,121.3217,131.2226,61.0881,35.3346
1932-05-31,120.8965,131.2226,54.291,28.0697
1932-06-30,121.2753,131.2226,54.1732,27.8453
1932-07-31,123.4641,131.2226,63.3153,37.2043
1932-08-31,125.1707,131.2226,76.4513,51.0187
1932-09-30,125.8441,126.5669,75.2274,49.5193
1932-10-31,126.0978,109.9011,69.276,42.9988
1932-11-30,126.2479,103.4578,66.9874,40.4779
1932-12-31,127.6687,108.0146,68.9648,42.2608
1933-01-31,129.4245,109.3535,69.8709,42.7846
1933-02-28,128.7939,92.6545,63.3169,36.2511
1933-03-31,127.9662,93.8833,64.2278,37.3596
1933-04-30,128.3309,93.8833,78.5446,51.8534
1933-05-31,153.4023,112.1694,89.8299,62.9778
1933-06-30,173.4918,126.8591,98.2213,71.2253
1933-07-31,156.7732,114.6343,91.578,64.3617
1933-08-31,175.6623,128.4462,99.2478,72.1164
1933-09-30,156.9859,114.7898,91.8394,64.449
1933-10-31,143.8384,105.1762,86.5406,59.0514
1933-11-30,158.1795,115.6625,91.8304,64.939
1933-12-31,161.0746,117.7795,92.9158,66.1276
1934-01-31,181.3431,132.6001,100.1171,74.4486
1934-02-28,176.8323,129.3017,99.2305,72.5967
1934-03-31,176.9907,129.4175,99.7761,72.6618
1934-04-30,173.8363,127.111,99.0819,71.3668
1934-05-31,161.2002,117.8714,95.1103,66.1791
1934-06-30,165.5553,115.1191,96.85,67.9671
1934-07-31,164.3524,103.5457,90.8933,60.5396
1934-08-31,163.2138,106.3961,93.4721,63.9282
1934-09-30,161.2841,106.3961,92.8824,63.784
1934-10-31,163.0821,106.3961,92.4176,62.7146
1934-11-30,176.9303,106.3961,97.0146,67.9294
1934-12-31,177.6095,106.6121,97.5394,68.1902
1935-01-31,171.4883,102.9379,96.053,65.84
1935-02-28,172.1811,100.9183,95.3472,64.5483
1935-03-31,172.8782,101.1694,93.455,62.1527
1935-04-30,173.725,101.1694,98.4796,67.783
1935-05-31,174.4219,104.8373,100.6703,70.1489
1935-06-30,185.7689,111.0654,104.3356,74.3163
1935-07-31,199.8379,119.4768,109.3592,79.9446
1935-08-31,205.1431,122.6487,111.0242,82.0669
1935-09-30,210.5359,125.8728,112.6535,84.2243
1935-10-31,225.3122,134.7071,117.8184,90.1355
1935-11-30,236.2821,141.2657,121.7474,94.524
1935-12-31,247.0702,147.7155,125.5091,98.8397
1936-01-31,264.1066,157.9011,130.9503,105.6551
1936-02-29,270.6894,161.8367,133.2033,108.2885
1936-03-31,273.3043,163.4,134.3364,109.3346
1936-04-30,251.0126,150.0726,127.7989,100.4169
1936-05-31,264.0783,157.8841,131.9812,105.6438
1936-06-30,270.4356,161.6849,133.9872,108.187
1936-07-31,288.4697,172.467,139.6381,115.4015
1936-08-31,291.2378,174.122,140.7763,116.5089
1936-09-30,294.0985,175.8323,141.7167,117.6532
1936-10-31,315.0478,188.3572,148.0742,126.034
1936-11-30,325.4456,194.5737,151.7189,130.1935
1936-12-31,326.0498,194.935,152.0627,130.4353
1937-01-31,337.0341,201.5021,155.2968,134.8295
1937-02-28,340.7092,203.6993,156.617,136.2997
1937-03-31,339.9727,203.259,155.905,136.0051
1937-04-30,315.0725,188.372,148.1677,126.0439
1937-05-31,312.4544,188.2582,147.7282,124.9965
1937-06-30,299.2868,188.2582,144.1215,119.7288
1937-07-31,326.0174,188.2582,151.9189,130.4223
1937-08-31,310.1878,178.3664,147.6168,124.0897
1937-09-30,267.8889,173.7568,135.6788,107.1682
1937-10-31,266.8846,173.7568,128.6212,96.9043
1937-11-30,268.4315,173.7568,123.3243,88.852
1937-12-31,270.2125,173.7568,121.0479,85.0299
1938-01-31,271.7625,173.7568,121.6291,85.4441
1938-02-28,272.607,173.7568,126.0652,90.4654
1938-03-31,273.452,173.7568,107.743,68.8157
1938-04-30,274.2974,173.7568,116.3838,78.7645
1938-05-31,277.2943,173.7568,114.3278,75.7253
1938-06-30,277.4033,173.7568,129.798,93.8323
1938-07-31,277.9998,181.4486,135.7709,100.7068
1938-08-31,278.8395,176.5825,133.6169,98.006
1938-09-30,277.9846,178.0187,134.1438,98.8031
1938-10-31,280.5316,191.9228,141.1853,106.5201
1938-11-30,275.6735,188.5511,139.6516,104.6488
1938-12-31,287.1871,196.426,143.4885,109.0195
1939-01-31,270.0218,184.6855,138.4876,102.5033
1939-02-28,279.5161,191.1793,141.6123,106.1075
1939-03-31,245.8731,168.1686,132.0268,93.3362
1939-04-30,245.4387,170.7848,132.2695,93.1713
1939-05-31,262.1717,170.7848,137.9826,99.5233
1939-06-30,248.1303,170.7848,134.1372,94.1931
1939-07-31,273.5102,170.7848,141.8215,103.8276
1939-08-31,255.2016,158.8748,136.2197,96.8774
1939-09-30,247.6629,159.1909,147.2329,113.2529
1939-10-31,247.983,159.3438,147.2218,112.6345
1939-11-30,238.9218,153.5215,144.801,108.5189
1939-12-31,246.005,158.0729,148.0386,111.7361
1940-01-31,240.0893,154.2717,146.2911,109.0492
1940-02-29,243.584,156.5173,147.5569,110.6365
1940-03-31,248.6615,159.7798,149.8166,112.9427
1940-04-30,249.2374,160.1499,150.1374,113.2042
1940-05-31,194.4265,124.9306,129.8526,88.309
1940-06-30,193.6042,124.2694,134.5826,94.1997
1940-07-31,195.6994,124.2694,137.5884,97.1763
1940-08-31,195.9019,124.2694,139.3637,99.3396
1940-09-30,199.5779,124.2694,141.704,101.7412
1940-10-31,202.598,124.2694,144.4821,104.8318
1940-11-30,205.1385,121.8524,143.9165,103.1432
1940-12-31,206.9646,122.6992,145.0382,103.8601
1941-01-31,205.2848,117.564,140.9249,99.5133
1941-02-28,203.8292,116.6251,139.3098,98.0736
1941-03-31,206.0206,116.6251,140.6251,98.9105
1941-04-30,207.3038,116.6251,136.4683,93.5277
1941-05-31,208.2172,116.6251,137.7708,94.7757
1941-06-30,219.144,116.6251,142.6623,100.3016
1941-07-31,231.9661,123.4364,147.8411,106.1703
1941-08-31,231.6097,123.2468,147.6434,106.0072
1941-09-30,229.5913,122.1727,146.9142,105.0833
1941-10-31,217.4974,115.7372,142.5799,99.548
1941-11-30,211.4015,115.8173,139.1795,97.6101
1941-12-31,209.4096,115.8173,134.6317,92.8327
1942-01-31,209.6575,115.8173,135.2907,93.5768
1942-02-28,210.0908,115.8173,133.4122,91.2707
1942-03-31,210.8928,115.8173,128.4185,85.2455
1942-04-30,211.6946,115.8173,125.4153,81.5258
1942-05-31,211.9397,115.8173,129.6716,86.3817
1942-06-30,212.744,115.8173,131.8899,88.7088
1942-07-31,212.6162,115.8173,134.5393,91.8159
1942-08-31,212.866,117.5207,136.0282,93.4651
1942-09-30,213.4905,120.6211,138.3194,95.9308
1942-10-31,214.1151,128.8308,144.1192,102.4601
1942-11-30,212.5389,129.0216,144.2665,102.6118
1942-12-31,223.4739,135.6597,148.842,107.8912
1943-01-31,239.3772,145.3137,155.4814,115.5691
1943-02-28,254.1122,154.2586,161.476,122.683
1943-03-31,269.5024,163.6012,167.6266,130.1133
1943-04-30,271.6775,164.9216,168.6178,131.1634
1943-05-31,287.3003,174.4054,175.0734,138.7059
1943-06-30,292.6008,177.6231,177.3628,141.265
1943-07-31,278.5754,169.109,171.8981,134.4936
1943-08-31,282.2333,171.3295,173.4268,136.2596
1943-09-30,289.0213,175.4502,176.1499,139.5368
1943-10-31,285.6316,173.3925,174.9253,137.9003
1943-11-30,268.7157,163.1236,168.3111,129.7334
1943-12-31,285.7851,164.2781,175.1858,137.9744
1944-01-31,290.7314,166.9206,177.1188,140.3624
1944-02-29,291.7611,167.5118,177.6432,140.8596
1944-03-31,298.9742,171.6531,180.5044,144.342
1944-04-30,293.9672,168.7784,178.8079,141.9247
1944-05-31,308.9306,177.3695,184.3975,149.1489
1944-06-30,325.9144,187.1206,190.793,157.3485
1944-07-31,321.0647,184.3362,189.1558,155.0071
1944-08-31,326.0752,187.2129,191.2087,157.4261
1944-09-30,326.1166,187.2366,191.4335,157.4461
1944-10-31,326.6592,187.5482,191.7177,157.708
1944-11-30,332.2716,190.7705,193.9305,160.4177
1944-12-31,345.7493,198.5086,199.0373,166.9246
1945-01-31,352.7143,202.5075,201.887,170.2872
1945-02-28,374.6544,215.1042,210.0429,180.8797
1945-03-31,359.9242,206.647,204.9789,173.7681
1945-04-30,387.9356,222.7294,214.8763,187.2917
1945-05-31,394.5728,226.5401,217.3278,190.4961
1945-06-30,396.0195,227.3708,218.2744,191.1946
1945-07-31,387.3961,222.4197,215.5308,187.0313
1945-08-31,411.4592,236.2353,223.849,198.6487
1945-09-30,431.0872,247.5045,230.7104,208.1249
1945-10-31,447.8236,257.1135,236.7912,216.2051
1945-11-30,471.9623,270.9726,245.426,227.8591
1945-12-31,477.6346,274.2293,247.5435,230.5976
1946-01-31,507.4996,291.376,257.9592,245.0161
1946-02-28,477.9374,274.4031,249.7347,230.7438
1946-03-31,506.1163,290.5817,258.9602,244.3483
1946-04-30,527.6152,302.9251,265.9238,254.7277
1946-05-31,548.4339,314.878,271.5938,264.7788
1946-06-30,526.988,302.565,265.3659,254.425
1946-07-31,512.922,294.4892,260.9869,247.634
1946-08-31,479.7727,275.4568,250.3969,231.6299
1946-09-30,430.9948,255.8623,234.9446,208.0803
1946-10-31,430.096,255.8623,233.3922,205.1019
1946-11-30,431.2864,255.8623,233.6404,205.0529
1946-12-31,432.4767,255.8623,240.4782,215.2175
1947-01-31,434.4337,255.8623,242.7776,217.9626
1947-02-28,435.2338,255.8623,241.3637,215.595
1947-03-31,436.8075,255.8623,239.2821,211.9787
1947-04-30,437.6046,255.8623,232.6183,201.8008
1947-05-31,438.4033,255.8623,231.5109,199.8897
1947-06-30,438.0385,255.8623,238.5243,210.4453
1947-07-31,437.6866,261.953,244.2954,219.1481
1947-08-31,438.8946,257.441,242.0262,215.3734
1947-09-30,439.7139,256.0697,241.4367,214.2261
1947-10-31,447.2875,262.3943,244.9164,219.5172
1947-11-30,438.3626,257.1586,241.3859,215.1371
1947-12-31,451.6191,264.9353,245.6938,221.643
1948-01-31,433.9214,254.5533,239.6085,212.9575
1948-02-29,433.7236,243.4469,233.6395,203.6659
1948-03-31,434.9891,244.0769,244.8613,220.134
1948-04-30,448.7602,251.7844,250.3729,228.1325
1948-05-31,481.6373,270.2306,261.845,244.846
1948-06-30,481.1297,269.9458,261.961,244.5879
1948-07-31,456.6387,256.2047,253.894,232.1376
1948-08-31,457.802,256.8574,254.1376,232.729
1948-09-30,444.1461,249.1955,249.7315,225.7869
1948-10-31,470.6572,251.0834,258.884,239.2641
1948-11-30,426.7291,225.3449,244.348,216.9327
1948-12-31,440.6647,228.3335,249.2559,224.0171
1949-01-31,441.7108,228.3335,250.0066,224.5489
1949-02-28,428.9097,228.3335,246.0991,218.0413
1949-03-31,446.3053,228.3335,252.3226,226.8845
1949-04-30,438.0396,228.3335,249.6997,222.6826
1949-05-31,438.4756,228.3335,245.4552,216.0646
1949-06-30,439.3452,228.3335,245.8195,216.3108
1949-07-31,444.4864,228.3335,255.0531,228.3103
1949-08-31,446.5071,232.4663,259.4792,234.2136
1949-09-30,456.1278,239.6475,264.7088,241.4488
1949-10-31,470.4548,247.1749,269.9904,249.0327
1949-11-30,479.0634,251.6978,273.4223,253.5896
1949-12-31,503.6152,264.5972,282.4287,266.586
1950-01-31,512.0963,269.0531,285.3177,271.0754
1950-02-28,519.7077,273.0521,287.6921,275.1044
1950-03-31,526.2024,276.4644,289.7939,278.5424
1950-04-30,546.9166,287.3476,296.6937,289.5074
1950-05-31,570.549,299.7639,304.7786,302.0171
1950-06-30,536.6882,281.9736,293.3793,284.093
1950-07-31,543.9564,285.7923,295.9494,287.9404
1950-08-31,570.3426,299.6555,305.1652,301.9078
1950-09-30,599.0662,314.7467,314.7718,317.1124
1950-10-31,597.9265,314.1479,314.4112,316.5092
1950-11-30,614.3886,322.797,320.1857,325.2233
1950-12-31,648.5098,340.7242,331.816,343.2852
1951-01-31,685.4701,360.1429,343.6409,362.8499
1951-02-28,695.1819,365.2455,346.7559,367.9908
1951-03-31,680.209,357.3788,341.6295,360.065
1951-04-30,715.0868,375.7035,351.505,378.5274
1951-05-31,698.3454,366.9076,345.8683,369.6654
1951-06-30,681.4688,358.0407,340.7758,360.7318
1951-07-31,730.2776,383.6846,356.2025,386.5685
1951-08-31,763.4105,401.0925,367.307,404.1072
1951-09-30,770.0401,404.5756,369.7356,407.6165
1951-10-31,752.4478,395.3327,364.0664,398.3042
1951-11-30,756.8442,397.6426,365.1189,400.6314
1951-12-31,782.039,410.8798,372.6453,413.9681
1952-01-31,795.227,417.8087,376.2235,420.9491
1952-02-29,775.9908,407.7021,371.4546,410.7666
1952-03-31,810.408,425.7848,381.7552,428.9851
1952-04-30,770.2388,404.6801,371.399,407.7218
1952-05-31,796.941,418.7093,380.2828,421.8564
1952-06-30,829.1326,435.6226,389.2764,438.8969
1952-07-31,838.5483,440.5695,392.2978,443.881
1952-08-31,833.8592,438.1059,390.1015,441.3989
1952-09-30,818.6751,430.1283,385.9739,433.3613
1952-10-31,815.1023,428.2511,384.9027,431.47
1952-11-30,865.2192,454.5823,399.9624,457.9991
1952-12-31,892.48,468.905,407.5684,472.4295
1953-01-31,891.3679,468.3207,406.9188,471.8408
1953-02-28,890.7944,468.0194,406.7219,471.5372
1953-03-31,879.8955,462.2932,403.2838,465.7679
1953-04-30,856.9933,450.2605,398.2384,453.6448
1953-05-31,863.1853,451.9244,397.2617,456.9225
1953-06-30,848.7882,449.6141,392.909,449.3014
1953-07-31,864.7577,451.321,401.9123,461.1251
1953-08-31,821.9501,429.0074,391.6448,441.0509
1953-09-30,830.8115,430.6786,394.0968,442.8458
1953-10-31,847.9186,431.5839,408.5096,464.1359
1953-11-30,866.1618,440.8577,415.3994,477.2933
1953-12-31,868.1786,441.8842,417.6689,478.4047
1954-01-31,882.2624,465.5035,432.9803,503.9761
1954-02-28,897.0267,473.3152,437.8974,512.4334
1954-03-31,930.12,490.7769,449.6196,531.3382
1954-04-30,969.8566,511.7439,463.0323,554.0381
1954-05-31,1000.0717,527.6869,471.1591,571.2987
1954-06-30,1011.0578,533.4837,474.6268,577.5746
1954-07-31,1061.3937,560.0433,491.2109,606.3293
1954-08-31,1036.4207,546.8664,483.1723,592.0633
1954-09-30,1102.6832,581.8297,502.9822,629.9163
1954-10-31,1084.3162,572.1384,497.084,619.424
1954-11-30,1186.5398,626.0766,527.1815,677.82
1954-12-31,1251.5584,660.3836,546.4882,714.9624
1955-01-31,1259.1086,664.3674,547.4133,719.2755
1955-02-28,1297.0275,684.3753,557.0281,740.937
1955-03-31,1295.2577,683.4414,556.4811,739.9259
1955-04-30,1338.1689,706.0835,566.8507,764.4393
1955-05-31,1353.758,714.3091,571.2307,773.3447
1955-06-30,1442.2063,760.9787,594.4433,823.8715
1955-07-31,1469.5957,775.4308,599.8571,839.5179
1955-08-31,1476.1278,778.8774,600.7927,843.2494
1955-09-30,1473.5611,777.5231,600.6561,841.7832
1955-10-31,1437.4508,758.4695,593.4319,821.1549
1955-11-30,1541.7179,813.4859,620.9847,880.7182
1955-12-31,1568.2206,827.47,627.1223,895.8581
1956-01-31,1523.9862,804.1298,618.0898,870.5889
1956-02-29,1584.844,836.2414,634.6294,905.3544
1956-03-31,1693.4557,893.5503,658.7498,967.3997
1956-04-30,1701.679,897.8893,656.6729,972.0973
1956-05-31,1617.1023,853.2625,639.3023,923.7822
1956-06-30,1676.4695,884.5875,655.7133,957.6961
1956-07-31,1760.347,928.8454,674.1599,1005.6118
1956-08-31,1708.3596,901.4143,657.6801,975.9136
1956-09-30,1623.1841,856.4715,636.85,927.2564
1956-10-31,1635.3461,843.3676,641.2956,934.2041
1956-11-30,1644.2486,845.0559,641.0305,939.2897
1956-12-31,1699.4161,846.6629,652.977,970.8046
1957-01-31,1642.5587,822.3749,643.2638,938.3244
1957-02-28,1611.9818,818.756,639.6045,920.8571
1957-03-31,1617.8498,820.4771,647.4363,942.2285
1957-04-30,1613.0181,822.2018,663.66,984.2766
1957-05-31,1601.673,845.8053,676.4754,1020.5506
1957-06-30,1590.745,841.1067,670.6518,1014.8813
1957-07-31,1604.7253,848.4988,672.3321,1023.8006
1957-08-31,1602.024,806.8794,652.8519,973.5825
1957-09-30,1608.5765,760.1003,631.0657,917.1387
1957-10-31,1607.2909,765.5696,615.7942,879.9197
1957-11-30,1645.6786,767.0255,631.029,902.2386
1957-12-31,1721.5825,768.6378,629.7116,868.6865
1958-01-31,1743.7178,770.3306,651.0257,911.0495
1958-02-28,1754.1379,771.8727,647.2976,898.904
1958-03-31,1769.0717,771.8727,662.1386,928.0984
1958-04-30,1788.6313,771.8727,677.4045,956.7034
1958-05-31,1786.8024,788.4132,687.6698,981.0248
1958-06-30,1783.5248,811.5269,699.6447,1009.7851
1958-07-31,1753.3171,847.0984,714.3735,1054.047
1958-08-31,1766.9045,863.284,716.5063,1074.1866
1958-09-30,1852.9894,905.3438,735.3748,1126.5218
1958-10-31,1904.3603,930.4429,748.8656,1157.7526
1958-11-30,1965.1934,960.165,766.8881,1194.736
1958-12-31,2070.8543,1011.7894,793.0413,1258.9724
1959-01-31,2089.4078,1020.8544,794.3432,1270.252
1959-02-28,2113.6087,1032.6786,802.488,1284.9649
1959-03-31,2124.1238,1037.8161,805.1742,1291.3575
1959-04-30,2206.1389,1077.8875,821.7086,1341.2184
1959-05-31,2249.111,1098.883,827.8519,1367.3432
1959-06-30,2247.8774,1098.2803,827.9416,1366.5933
1959-07-31,2323.7051,1135.3286,844.973,1412.6926
1959-08-31,2295.9585,1121.7721,839.0073,1395.8241
1959-09-30,2190.4515,1070.2229,809.8188,1331.6813
1959-10-31,2223.1239,1086.1861,822.1624,1351.5444
1959-11-30,2263.0009,1105.6695,832.4886,1375.7876
1959-12-31,2329.0198,1137.9253,844.8762,1415.9237
1960-01-31,2175.867,1063.0971,811.9967,1322.8147
1960-02-29,2205.808,1067.9816,826.019,1341.0173
1960-03-31,2180.011,1072.9051,828.3597,1325.334
1960-04-30,2181.702,1075.053,821.6085,1305.3517
1960-05-31,2177.2879,1077.3129,836.3693,1348.5836
1960-06-30,2220.2874,1079.6854,854.4737,1379.6492
1960-07-31,2273.2549,1051.3521,852.427,1349.9079
1960-08-31,2299.2801,1050.7182,872.3145,1393.6531
1960-09-30,2306.5611,985.3046,844.5448,1312.7845
1960-10-31,2296.9195,982.4453,840.6685,1306.3305
1960-11-30,2296.8798,984.4121,863.6932,1370.6609
1960-12-31,2321.3172,1034.5638,891.8861,1438.325
1961-01-31,2328.7455,1100.8005,927.5499,1530.412
1961-02-28,2404.1468,1142.3356,952.0056,1588.1571
1961-03-31,2479.1382,1177.9679,972.8155,1637.6957
1961-04-30,2491.2773,1183.7359,975.75,1645.7147
1961-05-31,2556.3894,1214.674,995.0314,1688.7272
1961-06-30,2483.1659,1179.8817,973.0359,1640.3564
1961-07-31,2558.7943,1215.8167,991.6818,1690.3158
1961-08-31,2631.4825,1250.3546,1007.284,1738.333
1961-09-30,2580.4218,1226.0931,997.641,1704.6028
1961-10-31,2652.0339,1260.1197,1018.2698,1751.9091
1961-11-30,2776.3714,1319.1989,1049.5373,1834.0452
1961-12-31,2777.3594,1319.6684,1047.4351,1834.6979
1962-01-31,2675.9897,1271.5023,1024.6026,1767.734
1962-02-28,2729.1593,1296.766,1039.4385,1802.8574
1962-03-31,2716.0002,1290.5134,1041.6341,1794.1646
1962-04-30,2542.4641,1208.0574,1006.7883,1679.5283
1962-05-31,2558.988,1217.5945,958.3797,1537.644
1962-06-30,2558.8931,1220.154,914.4645,1409.8261
1962-07-31,2546.4623,1222.7189,943.7998,1501.3251
1962-08-31,2561.1809,1225.5342,958.4986,1536.9166
1962-09-30,2569.6755,1227.8648,933.3001,1459.3895
1962-10-31,2588.6663,1230.692,937.3615,1461.9176
1962-11-30,2599.2543,1233.1558,994.8113,1624.0057
1962-12-31,2620.4943,1250.2211,1005.1947,1643.84
1963-01-31,2635.3594,1314.6729,1038.76,1728.5837
1963-02-28,2624.4371,1285.9692,1023.21,1690.843
1963-03-31,2630.8721,1328.2419,1044.6348,1746.4247
1963-04-30,2630.9307,1390.9971,1074.9887,1828.9377
1963-05-31,2669.8254,1418.2138,1090.7917,1864.7234
1963-06-30,2621.6348,1392.6149,1077.7657,1831.0649
1963-07-31,2616.829,1390.0621,1076.8917,1827.7083
1963-08-31,2755.2603,1463.5969,1114.4622,1924.3948
1963-09-30,2717.0851,1443.3182,1103.3802,1897.7316
1963-10-31,2791.6959,1482.9515,1122.9407,1949.8431
1963-11-30,2778.0253,1475.6897,1120.4917,1940.2949
1963-12-31,2834.9534,1505.93,1136.1829,1980.056
1964-01-31,2904.4516,1542.8475,1153.1339,2028.5966
1964-02-29,2955.6218,1570.0291,1167.7319,2064.3361
1964-03-31,3003.7423,1595.5908,1178.2835,2097.9456
1964-04-30,3013.9071,1600.9904,1181.964,2105.0452
1964-05-31,3063.4454,1627.3051,1196.5739,2139.6449
1964-06-30,3109.1596,1651.5886,1210.2725,2171.5737
1964-07-31,3169.784,1683.7923,1225.6837,2213.9164
1964-08-31,3130.7712,1663.0687,1217.9481,2186.6682
1964-09-30,3221.694,1711.367,1241.0167,2250.1726
1964-10-31,3247.9338,1725.3056,1249.327,2268.4997
1964-11-30,3259.3265,1731.3574,1255.2177,2276.4568
1964-12-31,3268.2467,1736.0958,1257.8515,2282.6871
1965-01-31,3390.1629,1800.8578,1287.2005,2367.8387
1965-02-28,3418.5189,1815.9205,1294.7071,2387.6438
1965-03-31,3388.701,1800.0812,1289.5782,2366.8177
1965-04-30,3501.091,1859.7829,1317.7558,2445.3158
1965-05-31,3488.3515,1853.0156,1316.1785,2436.4179
1965-06-30,3312.4319,1759.567,1277.274,2313.5479
1965-07-31,3367.3778,1767.1247,1292.1875,2351.9246
1965-08-31,3466.6133,1811.2131,1314.8785,2421.235
1965-09-30,3573.4895,1867.0531,1339.7732,2495.8821
1965-10-31,3673.8818,1919.5054,1362.3703,2566.0005
1965-11-30,3688.0182,1926.8913,1363.4243,2575.874
1965-12-31,3741.685,1954.9307,1370.89,2613.3572
1966-01-31,3784.3306,1977.2119,1382.6166,2643.1427
1966-02-28,3752.4851,1960.5735,1368.2768,2620.9004
1966-03-31,3676.3441,1920.7918,1352.0193,2567.7202
1966-04-30,3769.1609,1969.2862,1379.7512,2632.5476
1966-05-31,3571.2822,1865.8998,1337.106,2494.3404
1966-06-30,3568.9992,1869.6291,1330.2222,2469.6156
1966-07-31,3479.6646,1877.1219,1313.9669,2439.4708
1966-08-31,3382.0922,1885.7757,1250.4543,2257.1364
1966-09-30,3407.1931,1893.7118,1250.0306,2243.079
1966-10-31,3466.7362,1901.6813,1289.8324,2339.2878
1966-11-30,3441.2395,1909.3025,1299.0909,2381.5945
1966-12-31,3541.9595,1917.3376,1319.3954,2395.049
1967-01-31,3628.9878,1925.4066,1400.2885,2600.8135
1967-02-28,3628.5396,1946.2996,1410.3342,2631.4081
1967-03-31,3668.3842,2032.9876,1455.0093,2748.6109
1967-04-30,3859.7362,2120.3963,1493.9806,2866.788
1967-05-31,3708.715,2037.4309,1447.9152,2754.6182
1967-06-30,3805.8492,2090.7928,1466.8649,2826.7639
1967-07-31,3995.3025,2194.8715,1509.8726,2967.4788
1967-08-31,3969.2462,2180.5571,1500.8982,2948.1257
1967-09-30,4108.7104,2257.1736,1536.6489,3051.7116
1967-10-31,3998.8407,2196.8152,1504.8111,2970.1067
1967-11-30,4030.4653,2214.1886,1504.4011,2993.5957
1967-12-31,4169.6686,2290.6618,1542.9726,3096.9878
1968-01-31,4018.3584,2207.5376,1519.6392,2984.6034
1968-02-29,3883.381,2133.3859,1491.1121,2884.3499
1968-03-31,3907.5017,2127.6068,1490.9236,2902.2654
1968-04-30,4275.9916,2136.1335,1580.4719,3175.9584
1968-05-31,4392.1916,2181.936,1598.477,3262.2649
1968-06-30,4437.7393,2204.563,1618.6354,3296.0951
1968-07-31,4340.572,2156.2926,1610.5825,3223.9249
1968-08-31,4414.745,2193.14,1633.9512,3279.0163
1968-09-30,4609.9444,2290.1104,1678.3004,3423.9991
1968-10-31,4645.5178,2307.7824,1683.2669,3450.4209
1968-11-30,4913.7812,2441.0493,1740.0559,3649.6714
1968-12-31,4738.3204,2353.8845,1688.3519,3519.3494
1969-01-31,4700.3231,2335.0084,1683.0635,3491.1271
1969-02-28,4449.432,2210.3717,1625.4002,3304.7798
1969-03-31,4585.8692,2217.6667,1652.6275,3406.1174
1969-04-30,4681.8273,2261.8026,1683.08,3477.3895
1969-05-31,4698.2304,2269.727,1682.6359,3489.5728
1969-06-30,4380.7907,2116.3711,1606.1485,3253.797
1969-07-31,4369.266,2134.1909,1542.9182,3046.2856
1969-08-31,4403.1248,2143.1724,1592.9025,3202.0538
1969-09-30,4282.5114,2156.715,1553.0645,3127.5334
1969-10-31,4326.1358,2171.6455,1611.4227,3307.2278
1969-11-30,4339.5831,2184.0574,1582.8779,3200.8952
1969-12-31,4213.5134,2198.5177,1545.5318,3137.9273
1970-01-31,4200.1404,2212.41,1474.3161,2903.422
1970-02-28,4388.8655,2225.0548,1550.7117,3068.4031
1970-03-31,4467.8914,2239.1148,1558.5962,3055.5028
1970-04-30,4394.9531,2248.9876,1453.1133,2733.4024
1970-05-31,4266.9657,2263.1988,1383.7159,2561.698
1970-06-30,4315.4194,2278.1831,1352.1181,2429.8796
1970-07-31,4457.1098,2288.2281,1425.6702,2608.8279
1970-08-31,4463.2916,2302.6873,1465.9482,2742.71
1970-09-30,4534.681,2317.2378,1515.3014,2874.6868
1970-10-31,4581.5475,2266.3271,1506.6396,2821.6738
1970-11-30,4769.2839,2380.4072,1576.1424,2963.7084
1970-12-31,4952.3356,2527.6237,1657.0832,3146.9992
1971-01-31,5033.0268,2659.8969,1720.6841,3311.685
1971-02-28,5079.1377,2707.2008,1749.2618,3370.5804
1971-03-31,5300.4443,2825.1582,1820.2164,3517.4423
1971-04-30,5478.5797,2920.105,1854.2606,3635.6552
1971-05-31,5271.2982,2809.6232,1785.5217,3498.1006
1971-06-30,5290.9043,2820.0733,1786.9091,3511.1114
1971-07-31,5074.3395,2704.6434,1734.8503,3367.3962
1971-08-31,5289.4893,2819.3191,1791.0946,3510.1724
1971-09-30,5267.5445,2807.6225,1812.0678,3495.6096
1971-10-31,5056.7257,2695.2552,1782.2042,3355.7075
1971-11-30,5054.4423,2660.1486,1791.6855,3354.1922
1971-12-31,5517.8651,2671.8778,1886.3401,3661.7255
1972-01-31,5666.2025,2747.2853,1919.2369,3760.164
1972-02-29,5840.3204,2831.7072,1951.5138,3875.7109
1972-03-31,5889.0506,2855.3342,1965.8869,3908.0489
1972-04-30,5917.3907,2869.0751,1968.8824,3926.8558
1972-05-31,6004.9758,2911.5411,1994.0815,3984.9783
1972-06-30,5870.9326,2846.5496,1971.5527,3896.0256
1972-07-31,5847.5567,2835.2157,1970.6495,3880.513
1972-08-31,6052.92,2934.7871,2011.1158,4016.7947
1972-09-30,6009.2723,2913.6243,1987.3018,3987.8296
1972-10-31,6065.9681,2941.1135,2006.8697,4025.4536
1972-11-30,6369.7925,3088.4242,2084.4933,4227.0753
1972-12-31,6434.1472,3119.6269,2097.2584,4269.7819
1973-01-31,6249.0697,3029.8912,2059.9918,4146.9621
1973-02-28,5969.8209,2894.4961,1999.2123,3961.6491
1973-03-31,5919.7355,2880.8533,1989.6442,3927.5858
1973-04-30,5969.8164,2898.1877,1938.0923,3727.9899
1973-05-31,5926.5672,2910.9666,1904.3753,3633.9916
1973-06-30,5939.3682,2923.2171,1894.1995,3593.1915
1973-07-31,5877.5702,2941.6887,1945.2652,3796.7661
1973-08-31,5802.365,2962.0535,1899.9355,3678.5965
1973-09-30,5964.7129,2984.6464,1982.6535,3882.1583
1973-10-31,6127.5763,2978.3256,2004.1529,3877.0453
1973-11-30,6188.5406,2616.2803,1874.3357,3405.7517
1973-12-31,6218.8243,2571.6327,1892.3348,3452.4706
1974-01-31,6143.8653,2588.659,1888.0727,3469.4589
1974-02-28,6192.6985,2603.4543,1895.3723,3473.5582
1974-03-31,6120.2637,2619.9053,1861.2234,3396.4394
1974-04-30,6030.2416,2642.0008,1800.7413,3245.6394
1974-05-31,6038.921,2659.493,1758.7259,3114.4337
1974-06-30,6093.7259,2675.4956,1742.5746,3044.8819
1974-07-31,6019.8944,2693.2096,1659.6607,2819.7398
1974-08-31,5965.6721,2711.0409,1572.2408,2573.5896
1974-09-30,6005.6421,2732.8118,1484.1508,2290.4164
1974-10-31,6102.949,2745.4104,1620.5737,2669.8323
1974-11-30,6235.1499,2761.9299,1602.3797,2565.3142
1974-12-31,6383.0843,2779.3824,1596.615,2492.8135
1975-01-31,6391.7366,2797.7842,1729.6871,2850.2963
1975-02-28,6480.4985,2921.0385,1803.109,3020.0053
1975-03-31,6369.7257,3010.2875,1826.9166,3112.2781
1975-04-30,6197.6929,3150.8972,1864.6768,3257.6518
1975-05-31,6311.2115,3327.7041,1945.5758,3440.449
1975-06-30,6542.1429,3504.1998,2027.842,3622.9246
1975-07-31,6138.9204,3288.2198,1938.5474,3399.627
1975-08-31,5990.0503,3208.4797,1896.9727,3317.1853
1975-09-30,5773.2569,3092.3577,1854.589,3197.1289
1975-10-31,6108.5671,3271.9615,1942.0678,3382.8178
1975-11-30,6294.7396,3371.682,1989.6627,3485.9169
1975-12-31,6221.0271,3332.199,1980.8861,3445.0962
1976-01-31,7004.7822,3752.0055,2150.2547,3879.1261
1976-02-29,7054.8788,3778.839,2162.2802,3906.8687
1976-03-31,7251.3555,3884.0788,2208.3882,4015.6741
1976-04-30,7172.9301,3842.0714,2208.447,3972.2435
1976-05-31,7104.2716,3805.2955,2181.2445,3934.2216
1976-06-30,7420.7559,3974.8155,2249.2555,4109.4851
1976-07-31,7371.9136,3948.6539,2247.1226,4082.4371
1976-08-31,7363.6625,3944.2343,2254.4953,4077.8678
1976-09-30,7548.1307,4043.0419,2305.7044,4180.023
1976-10-31,7396.9519,3962.0653,2293.2065,4096.3029
1976-11-30,7454.2216,3992.7409,2316.9703,4128.0178
1976-12-31,7909.8497,4236.7912,2436.0012,4380.3367
1977-01-31,7622.7787,4083.026,2365.1284,4221.3618
1977-02-28,7504.5046,4019.6743,2337.0569,4155.8637
1977-03-31,7436.6914,3983.3512,2325.7635,4118.3099
1977-04-30,7564.5098,4019.6334,2344.8852,4140.0748
1977-05-31,7563.8492,4036.5497,2330.2957,4096.636
1977-06-30,7705.8606,4054.3479,2419.3096,4309.0955
1977-07-31,7725.7881,4001.4075,2402.7717,4251.9783
1977-08-31,7735.45,3948.9007,2385.3694,4196.1835
1977-09-30,7815.4468,3961.5394,2397.5246,4202.1061
1977-10-31,7766.1459,3978.2112,2335.7813,4035.9906
1977-11-30,7782.7351,3994.9531,2397.4598,4214.3747
1977-12-31,7773.2461,4010.2316,2405.5997,4242.366
1978-01-31,7680.9798,3787.1986,2313.915,4006.4226
1978-02-28,7695.6439,3822.0676,2301.8753,3965.9413
1978-03-31,7741.9492,3838.92,2351.7337,4095.1115
1978-04-30,7736.648,3862.0193,2470.2965,4443.7603
1978-05-31,7819.3056,3905.2221,2497.7275,4542.1094
1978-06-30,7719.7182,3855.4848,2477.6382,4484.2607
1978-07-31,7644.76,4076.4541,2561.0044,4741.267
1978-08-31,7944.9351,4248.5494,2650.5602,4941.4287
1978-09-30,7878.8165,4213.1925,2642.5959,4900.3056
1978-10-31,6993.2661,3739.645,2447.0724,4349.529
1978-11-30,7227.105,3909.2474,2493.0691,4494.9674
1978-12-31,7348.0177,3903.4617,2513.4361,4570.1702
1979-01-31,7707.9042,4094.6429,2589.0647,4794.005
1979-02-28,7490.7882,3979.3052,2552.2759,4658.9677
1979-03-31,7983.7093,4241.1579,2659.6142,4965.5447
1979-04-30,8041.517,4271.8669,2675.2917,5001.4987
1979-05-31,7938.0769,4216.9168,2657.3729,4937.1632
1979-06-30,8308.6948,4413.7988,2764.0038,5167.6725
1979-07-31,8447.4399,4487.5039,2797.5467,5253.9664
1979-08-31,8974.8333,4767.6692,2907.9749,5581.9837
1979-09-30,8968.0555,4764.0687,2894.1576,5577.7682
1979-10-31,8323.678,4421.7583,2707.6149,5176.9914
1979-11-30,8849.471,4701.0735,2802.6934,5504.0135
1979-12-31,9095.9865,4832.029,2877.6733,5657.3362
1980-01-31,9682.4938,5143.5972,2968.9792,6022.12
1980-02-29,9639.3769,5120.6924,2869.6683,5995.3031
1980-03-31,8515.6556,4523.7419,2646.1753,5296.3938
1980-04-30,9218.8631,4584.7053,2818.3306,5573.8744
1980-05-31,10038.7855,4886.5125,3021.7284,5915.8021
1980-06-30,10415.0581,5062.7306,3127.6333,6129.1387
1980-07-31,11135.852,5413.1065,3232.2363,6553.3174
1980-08-31,11402.7178,5542.8292,3229.5576,6710.3648
1980-09-30,11746.2537,5709.8211,3274.5993,6912.5316
1980-10-31,11977.2713,5822.1181,3311.4845,7048.4827
1980-11-30,13240.5405,6436.1897,3491.9454,7791.9017
1980-12-31,12822.1114,6232.7925,3418.182,7545.6611
1981-01-31,12309.0775,5983.4082,3372.278,7243.7467
1981-02-28,12525.3644,6088.5446,3374.0522,7371.029
1981-03-31,13121.8115,6378.4759,3489.6433,7722.0311
1981-04-30,12975.7076,6307.4552,3439.8455,7636.0507
1981-05-31,13148.0962,6391.2528,3452.7686,7737.4993
1981-06-30,13013.7788,6325.9615,3493.1469,7658.4552
1981-07-31,12985.2038,6312.0713,3444.6375,7641.6391
1981-08-31,12233.0289,5946.4411,3294.7909,7198.993
1981-09-30,12148.5918,6014.5697,3170.4256,6773.3392
1981-10-31,12407.9749,6081.0785,3310.0964,7183.2462
1981-11-30,13744.4786,6142.179,3542.5099,7499.4866
1981-12-31,13655.9274,5971.0537,3476.3057,7291.2833
1982-01-31,13199.2667,6014.7621,3378.426,7113.9711
1982-02-28,13469.3449,6072.1602,3306.295,6764.8909
1982-03-31,14038.5861,6128.2706,3347.583,6706.0743
1982-04-30,14193.2876,6192.9402,3446.3378,6996.6059
1982-05-31,14547.3309,6255.1647,3424.0325,6791.9982
1982-06-30,14196.5193,6310.4419,3345.9708,6643.9985
1982-07-31,14628.3584,6377.0339,3349.5314,6502.1676
1982-08-31,15510.9883,6419.2552,3660.6221,7276.1371
1982-09-30,16308.7881,6571.8934,3777.7935,7401.3744
1982-10-31,17868.6524,7357.8113,4189.7285,8286.488
1982-11-30,18584.5472,7750.2839,4372.3047,8728.4971
1982-12-31,18811.4222,7844.8972,4420.399,8835.0522
1983-01-31,19602.0584,8174.615,4558.3317,9206.3857
1983-02-28,20223.2574,8433.6726,4634.1664,9498.1407
1983-03-31,20935.9397,8730.8814,4773.5455,9832.8621
1983-04-30,22499.4817,9382.9228,5023.2808,10567.2018
1983-05-31,22756.9703,9490.3028,5077.9175,10688.135
1983-06-30,23611.5972,9846.7065,5163.1725,11089.5227
1983-07-31,22841.0722,9525.3757,5013.9746,10727.6347
1983-08-31,22890.0958,9545.8199,4989.876,10750.6593
1983-09-30,23286.7357,9711.2301,5083.5337,10936.9469
1983-10-31,22683.1543,9459.5195,5026.5512,10653.4663
1983-11-30,23321.8884,9725.8897,5118.8888,10953.4568
1983-12-31,23055.5143,9614.8042,5084.1567,10828.3505
1984-01-31,22790.4481,9504.264,5086.1571,10703.8583
1984-02-29,21889.8237,9510.7809,4966.6977,10280.8673
1984-03-31,21627.0499,9573.7501,4969.6436,10417.1148
1984-04-30,21475.836,9650.6319,4964.0276,10447.5084
1984-05-31,20797.5557,9735.9151,4750.0186,9914.7474
1984-06-30,20862.5385,9818.0247,4830.1085,10176.9398
1984-07-31,21323.9801,9900.8269,4818.9714,9983.9968
1984-08-31,22318.4587,9992.3164,5228.7481,11105.3089
1984-09-30,22804.6319,10072.7069,5278.7078,11120.6417
1984-10-31,23508.289,10080.0534,5347.0426,11128.7525
1984-11-30,24552.3448,9965.9036,5409.4744,11002.7269
1984-12-31,24889.2096,10208.6314,5516.7169,11270.7074
1985-01-31,25302.6088,11091.5578,5841.6672,12245.4909
1985-02-28,25806.1928,11290.7608,5910.7861,12465.4183
1985-03-31,25751.9931,11267.0472,5879.5877,12439.2377
1985-04-30,25665.0028,11228.9871,5944.6157,12397.2179
1985-05-31,27138.6308,11873.7309,6255.766,13109.0389
1985-06-30,27646.8526,12096.0888,6451.335,13354.5303
1985-07-31,27627.2866,12087.5282,6446.7545,13345.0791
1985-08-31,27474.5689,12020.711,6443.5068,13271.3104
1985-09-30,26382.5714,11542.9387,6303.5596,12743.8321
1985-10-31,27623.0589,12085.6785,6522.5688,13343.037
1985-11-30,29582.1999,12942.8446,6898.2166,14289.3801
1985-12-31,30915.8155,13526.3299,7199.3726,14933.5695
1986-01-31,31326.0317,13705.8083,7291.1977,15131.7202
1986-02-28,33748.1998,14765.5586,7745.9591,16301.7238
1986-03-31,35611.8631,15580.9511,8218.4006,17201.9474
1986-04-30,35305.5645,15446.9389,8304.5101,17053.993
1986-05-31,37086.0675,16225.947,8480.0843,17914.0468
1986-06-30,37630.929,16464.3356,8557.3565,18177.2366
1986-07-31,35379.2583,15479.1815,8377.8435,17089.59
1986-08-31,37681.2824,16486.3662,8752.3108,18201.5593
1986-09-30,34604.554,15140.2318,8274.7375,16715.377
1986-10-31,36373.1817,15299.4414,8548.5099,17569.6946
1986-11-30,36940.1819,15408.2135,8692.7443,17843.5782
1986-12-31,35896.0429,14972.69,8602.3692,17339.2176
1987-01-31,40512.5298,15268.055,9287.3565,19569.1645
1987-02-28,42438.9218,15802.4204,9541.3939,20499.6885
1987-03-31,43317.0489,16129.397,9687.7876,20923.8589
1987-04-30,42592.0821,15859.4507,9423.2795,20573.671
1987-05-31,42813.7516,15941.9909,9347.4655,20680.7462
1987-06-30,44670.3025,16633.2902,9680.8226,21577.5342
1987-07-31,46591.5931,17348.6958,9967.2595,22505.594
1987-08-31,48430.4629,18033.4114,10185.8888,23393.8413
1987-09-30,47390.7995,17646.2857,9924.1136,22891.6425
1987-10-31,36691.8166,13662.4468,8401.7028,17723.6079
1987-11-30,38862.4661,13856.6667,8175.3796,16412.8026
1987-12-31,38822.3855,13917.7643,8525.2081,17608.2092
1988-01-31,39928.5532,13945.6263,8852.6793,18388.6474
1988-02-29,41446.8578,14001.5149,9262.1506,19341.7225
1988-03-31,41289.4878,14066.0637,9147.3077,18990.6396
1988-04-30,40631.1043,14122.435,9141.7329,19176.6704
1988-05-31,39957.439,14181.868,9090.4536,19208.2036
1988-06-30,40701.1288,14244.3995,9443.6987,20207.0761
1988-07-31,40635.9506,14172.2086,9399.8052,20074.4604
1988-08-31,40422.7545,13799.8972,9229.3748,19547.0937
1988-09-30,41467.6179,14347.2308,9545.4265,20322.3735
1988-10-31,42265.0533,14603.0156,9720.8109,20684.6841
1988-11-30,41433.6453,14363.7561,9612.0628,20345.781
1988-12-31,42317.5423,14670.1757,9728.3433,20779.8142
1989-01-31,45165.5476,15657.4906,10155.6758,22178.3127
1989-02-28,44412.296,15396.3617,10060.9595,21808.4324
1989-03-31,45404.787,15740.4275,10180.8236,22295.79
1989-04-30,47636.9619,16514.2531,10565.1542,23391.8881
1989-05-31,49661.8507,17216.219,10958.5099,24386.1995
1989-06-30,49303.0287,17091.8266,11097.2413,24210.0018
1989-07-31,53139.2367,18421.7206,11732.6257,26093.7522
1989-08-31,54268.9002,18813.3398,11891.7077,26648.4678
1989-09-30,54198.1579,18788.8157,11888.0405,26613.7301
1989-10-31,52559.9859,18220.9124,11744.6586,25809.3141
1989-11-30,53438.562,18525.4874,11938.6287,26240.7344
1989-12-31,54393.6748,18856.5953,12109.8727,26709.7377
1990-01-31,50490.8878,17503.6204,11506.3628,24793.2939
1990-02-28,51341.3715,17575.457,11569.5124,25210.9197
1990-03-31,52615.4401,17691.8212,11734.6935,25836.5446
1990-04-30,51156.9392,17232.4749,11512.9995,25120.3551
1990-05-31,51718.1292,17377.5954,12175.6079,27408.4131
1990-06-30,51127.6709,17163.4972,12263.8092,27279.6346
1990-07-31,50481.0357,16946.4225,12208.2672,26934.6165
1990-08-31,49732.9344,15346.513,11465.1498,24391.7229
1990-09-30,49642.9459,15409.4966,11088.3579,23031.043
1990-10-31,50563.3843,15516.1737,11102.5911,22750.4856
1990-11-30,52039.3093,15614.2195,11677.0778,24340.4854
1990-12-31,53489.4983,15708.1723,12021.1926,25087.9607
1991-01-31,53813.6567,15777.4335,12425.4813,26376.6394
1991-02-28,55055.0182,16967.8466,13128.2123,28426.4824
1991-03-31,56076.3416,17486.2658,13325.0707,29294.9978
1991-04-30,56176.1294,17517.3826,13396.0084,29347.1282
1991-05-31,58470.5715,18232.8577,13765.0739,30545.7741
1991-06-30,55810.1791,17403.2684,13327.7786,29155.9511
1991-07-31,58429.0674,18219.9155,13759.9006,30524.0918
1991-08-31,60052.0204,18726.0003,14163.0287,31371.9432
1991-09-30,59351.5977,18507.5878,14178.6306,31006.0335
1991-10-31,60381.0128,18828.5899,14410.488,31543.813
1991-11-30,58079.9372,18111.0463,14137.2015,30341.7018
1991-12-31,64638.3106,20156.1416,15284.4105,33767.8798
1992-01-31,64526.745,20121.3521,15328.4275,33709.5965
1992-02-29,65343.9768,20376.1892,15347.4682,34136.5289
1992-03-31,63881.5838,19920.1717,15093.292,33372.5561
1992-04-30,64845.1332,20220.635,15292.9192,33875.9266
1992-05-31,65159.1714,20318.5614,15413.4986,34039.9842
1992-06-30,63787.9214,19890.965,15312.8202,33323.6257
1992-07-31,66338.3081,20686.2512,15899.7409,34655.9803
1992-08-31,64902.6082,20238.5574,15849.6051,33905.9523
1992-09-30,65818.3994,20524.1282,16097.88,34384.3733
1992-10-31,66626.3107,20776.0589,16166.0301,34806.4365
1992-11-30,69510.2994,21675.3721,16478.6863,36313.0691
1992-12-31,70739.6239,22058.7119,16738.2312,36955.2839
1993-01-31,71539.0715,22308.0034,16971.3049,37372.9255
1993-02-28,71771.5894,22380.5094,17210.657,37494.3959
1993-03-31,73604.353,22952.0194,17652.9551,38451.855
1993-04-30,71522.9914,22302.9892,17398.1536,37364.5251
1993-05-31,73734.4088,22992.5747,17711.2071,38519.7978
1993-06-30,74121.3751,23113.2422,17845.4295,38721.954
1993-07-31,74017.0122,23080.6988,17948.6166,38667.4335
1993-08-31,76928.4301,23988.5652,18470.9424,40188.3954
1993-09-30,76987.0501,24006.8447,18698.4948,40219.0193
1993-10-31,78249.5961,24400.5439,18930.3711,40878.5894
1993-11-30,76972.4568,24002.294,18555.4984,40211.3955
1993-12-31,78416.8218,24452.6898,18768.7118,40965.9503
1994-01-31,80832.0026,25205.8148,19163.6835,42227.6716
1994-02-28,78909.5529,24606.338,18800.4835,41223.3593
1994-03-31,75319.0723,23486.7197,18046.2388,39347.6463
1994-04-30,71906.569,23104.0429,17928.5918,39686.5882
1994-05-31,71908.6736,23152.6099,17953.4284,40003.1668
1994-06-30,69882.9556,23203.5992,17723.6034,38876.2494
1994-07-31,69481.1546,23250.0505,17988.2768,40041.7468
1994-08-31,72060.1242,23357.2363,18554.5751,41838.2554
1994-09-30,70695.5063,22972.4622,18271.7257,41045.9555
1994-10-31,69483.4041,23376.2675,18380.3853,41767.4531
1994-11-30,68896.7394,22534.5568,17908.1317,40263.5298
1994-12-31,70058.0066,22340.347,18164.4839,40776.9935
1995-01-31,70657.3818,22836.1909,18464.7881,41673.7039
1995-02-28,72630.787,23750.7724,19115.6362,43342.7211
1995-03-31,74691.3933,24386.0339,19614.7634,44502.0083
1995-04-30,76559.0355,24995.8015,20034.7694,45614.7715
1995-05-31,79121.083,25832.2858,20731.1422,47141.2694
1995-06-30,81603.7725,26642.8604,21445.7167,48620.4849
1995-07-31,84964.4734,27740.0975,21957.0858,50622.8299
1995-08-31,85826.9107,28021.6751,22010.8689,51136.6802
1995-09-30,89053.4079,29075.0959,22747.2031,53059.0651
1995-10-31,88104.1733,28765.1798,22741.0338,52493.5
1995-11-30,91969.4533,30027.1572,23471.9206,54796.4792
1995-12-31,93283.7564,30456.2648,23870.2131,55579.5564
1996-01-31,95823.6249,31285.5078,24349.9915,57092.8398
1996-02-29,97470.4421,31823.1781,24532.4171,58074.0328
1996-03-31,98596.263,32190.748,24428.8908,58744.8101
1996-04-30,101047.6429,32991.1003,24691.5166,60205.371
1996-05-31,103867.7712,33911.8455,25022.0824,61885.6365
1996-06-30,103108.3356,33663.897,24847.0498,61433.1559
1996-07-31,97414.2513,31804.8323,24052.5801,58040.5537
1996-08-31,100530.9856,32822.4166,24733.0866,59897.5406
1996-09-30,105981.3454,34601.9075,25493.4742,63144.9288
1996-10-31,107352.6559,35049.6275,25956.6631,63961.9717
1996-11-30,114506.2002,37385.1921,27334.2359,68224.1373
1996-12-31,113048.3638,36909.2223,27090.0842,67355.5413
1997-01-31,119220.177,38924.2609,27809.402,71032.78
1997-02-28,119078.5398,38878.0177,27970.6019,70948.3909
1997-03-31,113529.3395,37066.2563,27019.623,67642.1123
1997-04-30,118635.5366,38733.3814,27663.5585,70684.4444
1997-05-31,127115.9853,41502.1677,29082.5091,75737.1953
1997-06-30,132876.4519,43382.9056,30144.0441,79169.3488
1997-07-31,143158.4309,46739.8746,31902.543,85295.4725
1997-08-31,137839.6479,45003.3422,31128.7082,82126.4792
1997-09-30,145784.7731,47597.3505,32407.0696,86860.278
1997-10-31,140902.2353,46003.248,31913.8875,83951.2047
1997-11-30,145621.956,47544.1922,32781.8314,86763.2697
1997-12-31,148246.3291,48401.0252,33279.418,88326.9019
1998-01-31,149059.8132,48666.6201,33723.2645,88811.5853
1998-02-28,160116.278,52276.4514,35243.8729,95399.1567
1998-03-31,168463.2745,55001.6668,36348.8329,100372.3952
1998-04-30,170430.0104,55643.7875,36688.2384,101544.1995
1998-05-31,165889.3164,54161.2938,36131.2274,98838.8007
1998-06-30,171935.9861,56135.4743,37166.8141,102441.4775
1998-07-31,168519.6855,55020.0845,36813.6682,100406.0055
1998-08-31,142121.2208,46401.2353,33453.3135,84677.4906
1998-09-30,153263.4265,48139.2028,35370.991,90257.959
1998-10-31,157275.5347,48245.2203,37265.1453,96905.8281
1998-11-30,164575.7573,50544.819,38383.9367,103193.5528
1998-12-31,175397.1721,53868.3125,40191.246,109978.8792
1999-01-31,182219.416,55963.5729,41100.9105,114256.6149
1999-02-28,175452.2198,53885.2188,39885.3874,110013.3956
1999-03-31,182371.3457,56010.2339,40625.2737,114351.879
1999-04-30,191047.298,58674.8088,41946.1217,119791.9411
1999-05-31,187117.9015,57468.0051,41047.3283,117328.1008
1999-06-30,196946.2358,60486.5018,42060.6977,123490.7383
1999-07-31,190897.1592,58628.6979,41425.0962,119697.8
1999-08-31,189108.8491,58079.4687,41083.6254,118576.48
1999-09-30,184672.0236,56716.8224,40570.2547,115794.4677
1999-10-31,196766.3967,56727.925,42096.8065,123377.9742
1999-11-30,204263.2622,58971.9924,43293.3733,128078.7163
1999-12-31,220986.7396,63800.1576,45392.9432,138564.7993
2000-01-31,211407.6157,61034.6088,43786.4526,132558.4236
2000-02-29,217435.9613,62775.0272,44807.6426,136338.363
2000-03-31,229731.458,66324.8087,46764.4691,144047.9796
2000-04-30,215968.0407,62351.23,45528.6705,135417.9362
2000-05-31,207448.4303,59891.5689,43955.8585,130075.9048
2000-06-30,217912.4837,61511.2542,45805.2172,136637.1557
2000-07-31,213450.548,59541.6246,45420.1225,133839.3986
2000-08-31,229465.2264,64008.8887,47806.0286,143881.045
2000-09-30,218326.4985,60901.7617,46569.0203,136896.7545
2000-10-31,213691.1365,59608.7363,46179.5761,133990.2543
2000-11-30,191706.5568,59429.3522,43589.637,120205.3146
2000-12-31,199856.4441,59786.9464,44843.3092,122371.2234
2001-01-31,201958.1016,60164.7362,46205.5966,127154.6544
2001-02-28,203760.5443,60393.7742,43620.5922,114882.2657
2001-03-31,207957.4241,60660.0656,42237.5329,107043.3299
2001-04-30,204804.9713,60903.1674,43957.6453,115978.6485
2001-05-31,201788.6264,61037.2952,43918.8651,116992.8856
2001-06-30,204391.6096,61165.6018,43693.3562,114959.2524
2001-07-31,205917.009,61294.1781,43341.2114,112783.4829
2001-08-31,211127.8578,61435.3099,42236.1328,105788.6939
2001-09-30,215976.4828,61619.874,40547.1079,96324.5527
2001-10-31,219558.6688,61761.7558,41445.7285,98933.56
2001-11-30,219011.9753,61891.5852,43116.4842,106622.0774
2001-12-31,212429.2797,62015.4861,42964.424,108533.8831
2002-01-31,214151.3456,60847.4849,42779.535,107204.9052
2002-02-28,217215.8809,60379.0497,42491.0918,104940.2718
2002-03-31,211961.5575,60499.9226,43177.2639,109631.3512
2002-04-30,214031.9922,57405.2479,42045.2704,104148.6608
2002-05-31,215783.8221,57818.2663,41908.1765,102971.3224
2002-06-30,220567.8297,57934.0127,40576.241,95717.3099
2002-07-31,226336.203,58061.6015,39235.9088,88091.2485
2002-08-31,234292.4929,58189.4712,40032.5261,88730.4237
2002-09-30,242590.3018,58305.9608,38571.281,79729.3491
2002-10-31,241989.7848,58440.2121,40049.4977,86169.6961
2002-11-30,240628.0066,58557.2036,41202.6442,91499.2622
2002-12-31,241830.3498,58680.2968,40094.7809,86415.2199
2003-01-31,242250.6984,58680.2968,39398.318,84167.2478
2003-02-28,246033.1249,58680.2968,39221.7723,82594.1031
2003-03-31,248647.2348,58680.2968,39646.854,83502.1171
2003-04-30,246402.3198,58680.2968,41372.5417,90347.2013
2003-05-31,255181.7343,62087.2403,43457.4766,95793.9342
2003-06-30,261077.2907,62962.6359,44224.9874,97144.5754
2003-07-31,263964.8799,64428.2118,43964.6279,99405.8015
2003-08-31,270105.8385,65927.0892,44030.0542,101718.408
2003-09-30,266785.843,65116.7489,43979.9459,100468.1401
2003-10-31,283046.2351,69085.5647,45691.1471,106591.5961
2003-11-30,286890.348,70023.8309,46133.77,108039.2399
2003-12-31,299170.6856,73021.2,47500.7003,112663.8581
2004-01-31,305626.6652,74596.9673,48355.9146,115095.0975
2004-02-29,309887.7013,75636.9956,48937.4265,116699.7493
2004-03-31,305748.3151,74626.6595,49005.7065,115140.9094
2004-04-30,300127.8285,73254.8183,47708.664,113024.3059
2004-05-31,303697.0837,74125.9975,47563.7046,114368.4418
2004-06-30,309302.5589,75494.1748,48156.6942,116479.3922
2004-07-31,296705.8976,72419.5977,47369.9028,111735.6505
2004-08-31,297510.2123,72665.53,47854.5444,112038.5451
2004-09-30,302892.8205,72818.2803,48673.1491,114065.5666
2004-10-31,307834.2491,72752.0091,49260.3605,115926.4455
2004-11-30,322513.3176,76221.1869,50583.5679,121454.3951
2004-12-31,334312.0551,79009.6416,51713.9025,125897.6489
2005-01-31,325709.1863,76976.4825,50992.5926,122657.9184
2005-02-28,332440.6501,78567.363,51775.4828,125192.9017
2005-03-31,326643.2553,77197.2357,50763.318,123009.6769
2005-04-30,318798.069,75343.1435,50368.5994,120055.2799
2005-05-31,331159.9032,78264.6777,51928.431,124710.5888
2005-06-30,333826.4358,78894.8727,52489.1703,125714.7709
2005-07-31,347607.2708,82151.7664,53534.374,130904.4573
2005-08-31,344262.4761,81361.2744,53160.7399,129644.8504
2005-09-30,346564.6371,81905.3556,53551.8452,130511.8148
2005-10-31,340184.5706,80397.5225,52592.6737,128109.1633
2005-11-30,353182.5394,83469.3976,53748.9517,133004.0322
2005-12-31,353841.8234,83625.2095,54005.1016,133252.3102
2006-01-31,366050.6272,86510.5772,55293.9081,137849.9897
2006-02-28,366403.5539,86593.9861,55146.5763,137982.8974
2006-03-31,373471.3885,88264.3628,55616.6584,140644.5536
2006-04-30,377643.4256,89250.3613,55629.434,142215.6895
2006-05-31,365814.0667,86454.6696,54444.2848,137760.904
2006-06-30,366133.2468,86530.1031,54563.3527,137881.1032
2006-07-31,364789.1701,86212.4507,54564.1004,137374.9411
2006-08-31,373947.279,88376.8324,55837.6839,140823.7679
2006-09-30,382227.1699,90333.6605,56953.754,143941.869
2006-10-31,396168.3006,93628.4377,58292.8668,149191.9207
2006-11-30,404554.7548,95610.4504,59372.0195,152350.1523
2006-12-31,409606.0595,96804.2505,59989.6126,154252.409
2007-01-31,416940.9893,98537.7512,60346.5811,157014.6499
2007-02-28,410310.4527,96970.7233,59932.5246,154517.6745
2007-03-31,415013.2751,98082.1649,60741.7768,156288.6974
2007-04-30,431176.9361,101902.2038,62006.1515,162375.7256
2007-05-31,446946.0932,105629.0076,63372.4909,168314.1887
2007-06-30,440115.2027,104014.6291,62217.4613,165741.7626
2007-07-31,425501.1825,100560.8245,61215.9321,160238.3093
2007-08-31,431532.5058,101986.2374,62463.7106,162509.6286
2007-09-30,447167.577,105681.352,64224.6407,168397.5967
2007-10-31,456313.5462,107842.8647,65102.3864,171841.8518
2007-11-30,436343.7427,103123.3011,64208.4898,164321.479
2007-12-31,433438.2079,102436.6215,64147.2208,163227.2917
