date,uk_dual_momentum,bench_6040,isf_buy_hold
2008-01-04,4619.94,4669.07,4653.38
2008-01-11,4544.86,4611.51,4540.05
2008-01-18,4335.73,4495.95,4311.49
2008-01-25,4363.61,4493.74,4311.49
2008-02-01,4416.32,4543.9,4417.56
2008-02-08,4396.41,4475.84,4232.74
2008-02-15,4357.25,4464.21,4251.05
2008-02-22,4340.23,4462.07,4324.28
2008-02-29,4404.92,4479.49,4332.42
2008-03-07,4450.89,4396.64,4222.28
2008-03-14,4447.49,4396.47,4174.48
2008-03-21,4454.3,4399.39,4082.65
2008-03-28,4435.57,4477.79,4229.54
2008-04-04,4418.54,4569.82,4409.57
2008-04-11,4418.54,4558.21,4374.7
2008-04-18,4343.63,4566.08,4497.77
2008-04-25,4338.53,4574.21,4556.47
2008-05-02,4358.96,4641.02,4565.62
2008-05-09,4387.9,4643.11,4609.65
2008-05-16,4364.06,4699.33,4685.06
2008-05-23,4328.31,4579.51,4527.12
2008-05-30,4301.07,4612.98,4504.89
2008-06-06,4299.37,4591.61,4410.01
2008-06-13,4231.27,4520.48,4341.13
2008-06-20,4263.62,4448.57,4201.65
2008-06-27,4301.07,4369.17,4127.11
2008-07-04,4321.5,4337.29,4054.6
2008-07-11,4370.87,4301.7,3944.9
2008-07-18,4309.58,4328.96,4032.23
2008-07-25,4335.12,4336.68,4010.0
2008-08-01,4377.68,4361.38,4011.88
2008-08-08,4428.76,4425.85,4125.36
2008-08-15,4430.46,4510.43,4110.4
2008-08-22,4442.38,4518.77,4155.15
2008-08-29,4479.83,4590.94,4255.26
2008-09-05,4515.59,4510.81,3996.05
2008-09-12,4435.57,4517.14,4088.17
2008-09-19,4444.08,4459.51,4027.87
2008-09-26,4473.02,4393.88,3881.55
2008-10-03,4549.64,4367.39,3742.5
2008-10-10,4507.07,3872.48,3007.86
2008-10-17,4467.92,3958.25,3090.54
2008-10-24,4553.04,3968.95,2949.6
2008-10-31,4542.83,4134.85,3295.41
2008-11-07,4568.36,4165.79,3306.6
2008-11-14,4583.69,4162.69,3218.26
2008-11-21,4690.94,3939.71,2857.62
2008-11-28,4706.27,4140.43,3269.98
2008-12-05,4830.55,4152.44,3089.52
2008-12-12,4723.29,4221.26,3264.17
2008-12-19,4886.73,4370.03,3275.5
2008-12-26,4951.43,4389.38,3222.32
2009-01-02,4910.57,4511.26,3484.45
2009-01-09,4890.14,4334.05,3395.23
2009-01-16,4796.5,4182.49,3167.4
2009-01-23,4638.17,4187.71,3089.52
2009-01-30,4702.86,4147.98,3167.4
2009-02-06,4719.89,4204.11,3286.98
2009-02-13,4839.06,4201.79,3203.44
2009-02-20,4837.36,4003.92,2986.94
2009-02-27,4769.26,3959.31,2946.11
2009-03-06,4951.43,3869.67,2708.4
2009-03-13,4978.67,4073.34,2893.95
2009-03-20,4953.13,4135.46,2955.26
2009-03-27,4830.55,4192.87,3002.92
2009-04-03,4816.93,4172.68,3102.6
2009-04-10,4845.87,4244.76,3062.78
2009-04-17,4791.39,4248.52,3147.79
2009-04-24,4811.82,4290.73,3193.12
2009-05-01,4801.61,4302.14,3262.86
2009-05-08,4764.15,4393.1,3442.45
2009-05-15,4818.63,4332.26,3365.74
2009-05-22,4745.42,4250.37,3384.04
2009-05-29,4779.47,4291.82,3426.62
2009-06-05,4692.65,4336.4,3459.16
2009-06-12,4719.89,4287.19,3463.09
2009-06-19,4782.88,4249.72,3392.47
2009-06-26,4811.82,4246.66,3307.03
2009-07-03,4799.9,4220.59,3297.73
2009-07-10,4820.33,4175.38,3221.6
2009-07-17,4787.99,4310.13,3425.02
2009-07-24,4731.8,4381.9,3565.67
2009-07-31,4767.56,4418.2,3594.44
2009-08-07,4815.23,4487.06,3686.85
2009-08-14,4885.03,4512.79,3691.5
2009-08-21,4915.67,4596.34,3802.51
2009-08-28,4939.51,4680.98,3861.79
2009-09-04,4932.7,4606.95,3800.76
2009-09-11,4953.13,4683.84,3935.46
2009-09-18,4929.29,4801.49,4063.9
2009-09-25,4953.13,4802.33,4002.88
2009-10-02,4985.09,4750.67,3919.04
2009-10-09,5162.0,4881.5,4052.13
2009-10-16,5105.54,4831.32,4090.64
2009-10-23,5122.72,4830.14,4121.88
2009-10-30,4860.04,4688.7,3942.58
2009-11-06,4921.46,4684.73,4042.83
2009-11-13,5067.41,4759.94,4162.71
2009-11-20,5048.3,4784.07,4147.01
2009-11-27,5061.75,4821.57,4158.06
2009-12-04,5089.28,4857.12,4197.43
2009-12-11,5078.39,4828.03,4147.01
2009-12-18,5091.7,4860.45,4101.97
2009-12-25,5245.37,4923.34,4256.57
2010-01-01,5211.49,4891.82,4260.49
2010-01-08,5274.3,4970.46,4362.2
2010-01-15,5196.11,4934.06,4297.54
2010-01-22,5056.96,4868.75,4182.47
2010-01-29,4952.06,4810.98,4095.72
2010-02-05,4837.68,4788.6,4001.13
2010-02-12,4929.22,4782.83,4076.83
2010-02-19,5141.82,4908.42,4252.65
2010-02-26,5133.91,4959.15,4246.11
2010-03-05,5371.46,5080.75,4442.55
2010-03-12,5408.88,5109.26,4473.5
2010-03-19,5433.83,5175.47,4494.14
2010-03-26,5484.61,5205.94,4536.13
2010-04-02,5515.36,5196.04,4561.55
2010-04-09,5555.59,5181.46,4594.83
2010-04-16,5529.76,5182.98,4573.47
2010-04-23,5512.37,5186.35,4559.08
2010-04-30,5353.36,5183.26,4427.59
2010-05-07,4970.86,5036.59,4111.27
2010-05-14,5115.64,5137.36,4231.0
2010-05-21,4928.69,5058.92,4076.4
2010-05-28,5063.28,5087.31,4187.7
2010-06-04,4932.04,5031.68,4136.99
2010-06-11,4970.29,5067.22,4170.84
2010-06-18,5067.04,5106.38,4235.07
2010-06-25,4840.91,4995.92,4081.63
2010-07-02,4593.41,4862.19,3900.0
2010-07-09,4835.29,5006.32,4141.93
2010-07-16,4797.04,4982.51,4161.11
2010-07-23,4851.04,4996.52,4277.64
2010-07-30,4828.54,4988.44,4255.12
2010-08-06,4804.48,4995.53,4308.15
2010-08-13,4754.39,4984.83,4263.25
2010-08-20,4690.69,4987.95,4206.15
2010-08-27,4701.06,4988.23,4215.45
2010-09-03,4886.02,5106.94,4381.24
2010-09-10,4959.13,5125.71,4446.77
2010-09-17,4969.01,5127.75,4455.63
2010-09-24,5044.88,5179.71,4523.63
2010-10-01,5031.26,5191.5,4511.43
2010-10-08,5103.39,5245.3,4576.08
2010-10-15,5135.0,5245.08,4604.42
2010-10-22,5172.94,5323.3,4638.42
2010-10-29,5124.14,5236.66,4594.68
2010-11-05,5301.97,5316.37,4754.08
2010-11-12,5238.75,5232.93,4697.41
2010-11-19,5186.39,5238.11,4650.48
2010-11-26,5135.65,5273.02,4605.0
2010-12-03,5100.93,5327.26,4678.23
2010-12-10,5109.55,5323.7,4717.17
2010-12-17,5225.11,5399.21,4768.46
2010-12-24,5266.84,5441.6,4869.3
2010-12-31,5300.01,5473.72,4818.15
2011-01-07,5289.31,5445.6,4863.63
2011-01-14,5294.66,5428.11,4875.84
2011-01-21,5261.49,5403.98,4794.47
2011-01-28,5327.83,5446.49,4787.21
2011-02-04,5333.18,5435.45,4869.3
2011-02-11,5409.15,5479.62,4935.99
2011-02-18,5423.06,5496.13,4949.8
2011-02-25,5389.89,5501.42,4883.54
2011-03-04,5298.62,5479.45,4880.2
2011-03-11,5175.37,5447.15,4766.72
2011-03-18,5081.33,5382.49,4680.12
2011-03-25,5251.59,5490.54,4836.9
2011-04-01,5344.69,5533.66,4922.62
2011-04-08,5365.21,5471.66,4941.51
2011-04-15,5326.07,5480.38,4905.48
2011-04-22,5349.11,5491.53,4926.69
2011-04-29,5402.45,5553.63,4975.8
2011-05-06,5335.86,5569.36,4914.49
2011-05-13,5288.04,5562.08,4870.46
2011-05-20,5314.55,5547.72,4894.87
2011-05-27,5310.14,5526.9,4890.8
2011-06-03,5243.7,5483.29,4829.63
2011-06-10,5175.53,5458.61,4766.86
2011-06-17,5132.61,5473.4,4727.34
2011-06-24,5113.67,5494.66,4709.91
2011-07-01,5370.1,5603.98,4946.02
2011-07-08,5372.78,5635.55,4948.49
2011-07-15,5247.33,5564.27,4832.97
2011-07-22,5312.82,5606.78,4893.27
2011-07-29,5221.29,5524.57,4809.0
2011-08-05,4928.75,5261.05,4359.15
2011-08-12,4950.95,5287.22,4439.21
2011-08-19,4685.66,5164.75,4211.38
2011-08-26,4872.14,5260.99,4280.98
2011-09-02,4972.04,5331.37,4409.57
2011-09-09,4882.13,5302.82,4346.95
2011-09-16,5080.82,5419.98,4468.71
2011-09-23,4819.97,5286.53,4213.42
2011-09-30,4862.15,5293.77,4257.73
2011-10-07,4807.41,5379.11,4423.66
2011-10-14,4749.09,5447.74,4540.49
2011-10-21,4771.85,5466.51,4570.56
2011-10-28,4756.2,5576.54,4740.71
2011-11-04,4854.35,5508.13,4626.5
2011-11-11,4885.65,5537.82,4625.63
2011-11-18,4904.14,5483.55,4496.31
2011-11-25,4908.41,5404.88,4329.66
2011-12-02,4910.06,5609.21,4645.83
2011-12-09,4864.56,5605.78,4635.8
2011-12-16,4756.89,5557.08,4533.22
2011-12-23,4860.44,5620.18,4631.88
2011-12-30,4757.65,5667.55,4533.95
2012-01-06,5001.15,5692.91,4735.77
2012-01-13,5026.8,5750.76,4717.32
2012-01-20,4984.05,5772.44,4807.26
2012-01-27,4992.6,5784.86,4809.73
2012-02-03,4939.87,5806.25,4942.68
2012-02-10,4929.9,5802.41,4907.37
2012-02-17,4914.22,5833.6,4971.15
2012-02-24,4962.67,5900.43,4995.27
2012-03-02,4925.86,5900.25,4983.51
2012-03-09,4948.98,5928.71,4980.89
2012-03-16,5014.39,5911.09,5046.71
2012-03-23,4929.63,5890.11,4961.42
2012-03-30,4854.97,5894.0,4886.3
2012-04-06,4949.59,5882.63,4855.06
2012-04-13,4976.66,5824.69,4795.92
2012-04-20,4932.49,5793.89,4896.47
2012-04-27,4942.46,5804.83,4908.24
2012-05-04,4976.66,5752.98,4812.05
2012-05-11,4989.49,5736.11,4762.21
2012-05-18,5074.99,5662.22,4493.55
2012-05-25,5094.94,5738.77,4571.0
2012-06-01,5197.54,5739.42,4508.52
2012-06-08,5137.69,5796.61,4654.98
2012-06-15,5103.49,5790.95,4711.5
2012-06-22,5133.41,5813.12,4729.38
2012-06-29,5103.49,5856.98,4775.73
2012-07-06,5141.96,5903.64,4853.61
2012-07-13,5173.31,5893.8,4855.35
2012-07-20,5193.26,5914.26,4849.25
2012-07-27,5177.59,5926.28,4821.93
2012-08-03,5173.31,6002.43,4968.25
2012-08-10,5206.09,6032.29,5042.79
2012-08-17,5147.66,6043.98,5045.4
2012-08-24,5177.59,6029.94,4974.93
2012-08-31,5198.96,6025.49,4913.76
2012-09-07,5313.2,6057.81,4987.14
2012-09-14,5397.86,6067.99,5096.69
2012-09-21,5359.1,6063.76,5069.96
2012-09-28,5277.5,6027.11,4963.74
2012-10-05,5386.64,6092.68,5079.4
2012-10-12,5296.88,6036.7,5002.69
2012-10-19,5383.58,6071.05,5094.08
2012-10-26,5255.06,5990.69,5033.63
2012-11-02,5316.26,6036.54,5075.04
2012-11-09,5233.64,6001.78,5002.69
2012-11-16,5123.48,5923.15,4874.09
2012-11-23,5306.06,6033.34,5060.22
2012-11-30,5360.12,6084.62,5108.17
2012-12-07,5375.42,6087.47,5134.33
2012-12-14,5369.3,6067.61,5148.28
2012-12-21,5421.32,6100.57,5165.71
2012-12-28,5387.66,6090.79,5151.76
2013-01-04,5478.33,6159.19,5285.87
2013-01-11,5512.5,6189.37,5321.62
2013-01-18,5548.62,6270.92,5356.49
2013-01-25,5644.34,6329.11,5448.9
2013-02-01,5700.64,6385.28,5508.91
2013-02-08,5636.45,6333.88,5442.8
2013-02-15,5767.79,6408.49,5521.12
2013-02-22,5813.21,6455.12,5530.41
2013-03-01,5933.69,6580.63,5560.2
2013-03-08,6092.67,6660.66,5648.69
2013-03-15,6070.95,6666.91,5670.48
2013-03-22,5981.09,6627.95,5604.81
2013-03-29,6007.75,6658.13,5616.29
2013-04-05,5897.15,6619.91,5495.4
2013-04-12,6023.55,6680.78,5603.94
2013-04-19,5938.62,6634.24,5516.47
2013-04-26,6011.7,6686.99,5638.08
2013-05-03,6127.24,6760.95,5730.06
2013-05-10,6242.77,6808.1,5822.9
2013-05-17,6359.3,6886.86,5913.86
2013-05-24,6303.01,6851.26,5862.28
2013-05-31,6298.07,6826.52,5821.45
2013-06-07,6100.57,6677.83,5669.9
2013-06-14,6012.69,6618.93,5599.87
2013-06-21,5933.69,6513.94,5436.7
2013-06-28,6104.52,6635.2,5509.49
2013-07-05,6249.69,6723.52,5677.02
2013-07-12,6380.04,6846.25,5800.24
2013-07-19,6394.85,6855.84,5884.37
2013-07-26,6316.84,6794.16,5805.47
2013-08-02,6444.22,6876.34,5897.73
2013-08-09,6328.69,6790.69,5854.29
2013-08-16,6245.74,6698.78,5783.38
2013-08-23,6237.84,6709.11,5795.73
2013-08-30,6151.92,6656.39,5724.1
2013-09-06,6222.04,6684.4,5849.2
2013-09-13,6258.57,6713.87,5886.84
2013-09-20,6343.5,6770.72,5895.7
2013-09-27,6236.85,6732.49,5802.85
2013-10-04,6222.04,6720.15,5751.85
2013-10-11,6306.96,6781.81,5775.1
2013-10-18,6392.87,6839.34,5906.45
2013-10-25,6445.21,6896.27,5994.07
2013-11-01,6505.45,6928.43,5998.57
2013-11-08,6457.06,6875.62,5984.19
2013-11-15,6541.0,6941.4,5985.06
2013-11-22,6508.41,6911.92,5970.82
2013-11-29,6496.56,6907.14,5958.03
2013-12-06,6425.46,6848.2,5861.7
2013-12-13,6355.35,6797.5,5769.72
2013-12-20,6493.6,6889.96,5904.85
2013-12-27,6549.89,6907.69,6040.85
2014-01-03,6530.14,6902.32,6017.46
2014-01-10,6536.06,6921.12,6030.97
2014-01-17,6590.37,6967.56,6107.55
2014-01-24,6395.84,6853.48,5959.78
2014-01-31,6314.86,6810.77,5824.65
2014-02-07,6388.92,6859.42,5894.97
2014-02-14,6431.39,6876.07,5979.68
2014-02-21,6524.21,6938.23,6148.08
2014-02-28,6553.84,6968.98,6113.94
2014-03-07,6565.69,6969.36,6043.47
2014-03-14,6487.67,6944.43,5894.25
2014-03-21,6615.06,7007.89,5919.53
2014-03-28,6565.69,6978.1,5969.22
2014-04-04,6670.36,7058.93,6040.71
2014-04-11,6482.74,6954.81,5923.16
2014-04-18,6523.22,6970.2,5992.76
2014-04-25,6519.27,6974.85,6047.97
2014-05-02,6574.91,7016.26,6156.37
2014-05-09,6590.46,6989.95,6180.78
2014-05-16,6632.9,7034.71,6220.59
2014-05-23,6596.35,7071.82,6186.3
2014-05-30,6624.54,7152.98,6212.74
2014-06-06,6701.36,7181.0,6239.33
2014-06-13,6603.64,7104.11,6188.91
2014-06-20,6672.33,7144.69,6227.42
2014-06-27,6633.63,7141.85,6167.99
2014-07-04,6634.75,7150.08,6254.74
2014-07-11,6458.31,7115.79,6088.37
2014-07-18,6516.55,7159.09,6143.29
2014-07-25,6566.95,7211.59,6190.8
2014-08-01,6453.85,7145.95,6090.26
2014-08-08,6411.35,7141.69,6005.26
2014-08-15,6557.65,7258.2,6122.22
2014-08-22,6715.35,7355.21,6215.79
2014-08-29,6734.35,7390.02,6242.53
2014-09-05,6852.15,7451.93,6287.72
2014-09-12,6848.35,7427.96,6248.92
2014-09-19,6858.8,7438.84,6275.66
2014-09-26,6734.35,7377.3,6107.98
2014-10-03,6751.45,7402.91,5991.89
2014-10-10,6551.0,7307.87,5830.6
2014-10-17,6469.3,7261.86,5801.25
2014-10-24,6654.55,7376.27,5879.57
2014-10-31,6872.1,7515.99,6002.93
2014-11-07,6886.69,7563.98,6051.75
2014-11-14,6928.78,7675.13,6133.85
2014-11-21,6970.87,7744.24,6235.12
2014-11-28,7067.86,7817.75,6215.36
2014-12-05,7134.39,7808.09,6222.77
2014-12-12,6828.89,7660.59,5816.95
2014-12-19,7024.41,7774.42,6045.94
2014-12-26,7117.47,7828.59,6107.4
2015-01-02,7067.65,7847.8,6039.4
2015-01-09,7084.57,7900.44,5980.7
2015-01-16,7065.77,7913.33,6045.94
2015-01-23,7289.49,8090.5,6300.07
2015-01-30,7152.25,8037.04,6237.59
2015-02-06,7255.65,8017.03,6326.95
2015-02-13,7287.61,8015.31,6361.39
2015-02-20,7326.15,8017.19,6402.36
2015-02-27,7372.21,8046.34,6437.67
2015-03-06,7440.83,8036.5,6421.83
2015-03-13,7459.63,8111.86,6266.8
2015-03-20,7646.69,8296.35,6537.49
2015-03-27,7516.97,8213.73,6384.49
2015-04-03,7577.13,8243.56,6356.45
2015-04-10,7800.85,8392.11,6625.25
2015-04-17,7605.33,8261.59,6526.3
2015-04-24,7637.29,8265.43,6611.3
2015-05-01,7586.53,8182.26,6520.78
2015-05-08,7500.05,8127.71,6600.11
2015-05-15,7379.73,8037.05,6538.51
2015-05-22,7519.79,8121.81,6628.16
2015-05-29,7538.59,8162.98,6547.51
2015-06-05,7487.83,8065.49,6407.45
2015-06-12,7361.87,7990.95,6396.11
2015-06-19,7265.99,7922.17,6340.32
2015-06-26,7338.37,7937.89,6383.76
2015-07-03,7239.43,7922.55,6231.49
2015-07-10,7195.42,7935.81,6312.86
2015-07-17,7197.29,7989.94,6406.57
2015-07-24,7296.26,7994.42,6215.36
2015-07-31,7348.55,8025.47,6339.3
2015-08-07,7312.23,8033.8,6369.67
2015-08-14,7232.33,7963.77,6247.62
2015-08-21,6892.99,7776.99,5913.57
2015-08-28,7020.83,7823.37,5929.55
2015-09-04,6870.15,7733.94,5763.48
2015-09-11,6859.82,7721.01,5839.76
2015-09-18,6840.87,7714.15,5827.41
2015-09-25,6842.59,7766.4,5833.07
2015-10-02,6925.27,7731.14,5847.46
2015-10-09,6813.31,7911.02,6123.24
2015-10-16,6846.04,7896.63,6091.71
2015-10-23,6811.59,7991.8,6143.29
2015-10-30,6797.81,7955.32,6068.9
2015-11-06,6851.35,8028.98,6063.08
2015-11-13,6621.89,7881.44,5859.81
2015-11-20,6825.18,8053.88,6069.77
2015-11-27,6871.42,8107.81,6106.09
2015-12-04,6837.57,8023.67,5983.02
2015-12-11,6910.12,7902.7,5714.8
2015-12-18,6884.21,7989.92,5807.79
2015-12-25,6851.39,8061.41,6039.11
2016-01-01,6806.47,8069.6,5967.48
2016-01-08,6925.67,7902.9,5671.36
2016-01-15,6975.77,7852.09,5564.85
2016-01-22,6953.31,7890.84,5665.54
2016-01-29,7060.41,8015.91,5850.37
2016-02-05,7055.23,7857.26,5629.65
2016-02-12,7127.79,7785.76,5495.11
2016-02-19,7124.33,7986.47,5728.46
2016-02-26,7107.06,8211.88,5878.41
2016-03-04,7091.51,8239.52,5981.14
2016-03-11,7062.14,8217.78,5926.5
2016-03-18,7126.06,8281.71,5994.79
2016-03-25,7112.24,8300.82,5922.58
2016-04-01,7134.7,8366.65,5946.12
2016-04-08,7170.97,8410.27,6007.58
2016-04-15,7146.79,8473.11,6156.8
2016-04-22,7060.41,8395.02,6106.09
2016-04-29,7062.14,8259.49,6068.02
2016-05-06,7169.25,8304.27,5950.91
2016-05-13,7179.61,8373.2,5971.4
2016-05-20,7124.33,8283.4,6003.66
2016-05-27,7172.7,8373.72,6129.49
2016-06-03,7286.72,8457.81,6066.14
2016-06-10,7324.72,8516.55,5987.09
2016-06-17,7364.45,8472.14,5889.74
2016-06-24,7416.28,8694.17,6023.42
2016-07-01,7634.95,9086.27,6435.34
2016-07-08,7765.91,9255.12,6463.1
2016-07-15,7774.41,9232.46,6533.42
2016-07-22,7879.81,9305.64,6591.83
2016-07-29,7843.26,9327.02,6588.93
2016-08-05,7953.76,9438.44,6667.1
2016-08-12,8133.11,9647.63,6814.58
2016-08-19,8030.26,9524.96,6768.08
2016-08-26,7979.26,9529.34,6759.22
2016-09-02,7922.31,9453.12,6814.58
2016-09-09,7873.86,9351.84,6690.93
2016-09-16,7854.31,9321.47,6631.79
2016-09-23,8122.91,9569.54,6826.2
2016-09-30,8080.41,9518.35,6826.2
2016-10-07,8374.51,9666.33,6968.45
2016-10-14,8471.41,9700.38,6944.47
2016-10-21,8465.46,9712.07,6947.38
2016-10-28,8502.86,9676.86,6935.47
2016-11-04,8097.41,9418.45,6634.69
2016-11-11,8191.76,9408.1,6702.84
2016-11-18,8405.96,9542.5,6755.0
2016-11-25,8417.01,9566.64,6826.2
2016-12-02,8240.21,9448.4,6723.91
2016-12-09,8531.76,9641.85,6948.4
2016-12-16,8610.81,9701.35,6993.44
2016-12-23,8752.76,9849.45,7097.48
2016-12-30,8718.76,9865.47,7081.2
2017-01-06,8843.71,9878.85,7183.2
2017-01-13,8972.06,9967.5,7312.52
2017-01-20,8837.76,9861.1,7178.12
2017-01-27,8779.96,9809.19,7178.12
2017-02-03,8834.36,9879.84,7173.18
2017-02-10,8875.16,9940.38,7246.84
2017-02-17,9009.46,10048.62,7313.54
2017-02-24,8994.16,10086.76,7285.2
2017-03-03,9230.46,10231.97,7418.44
2017-03-10,9298.46,10261.5,7390.25
2017-03-17,9227.91,10222.93,7471.91
2017-03-24,9079.16,10133.28,7403.77
2017-03-31,9102.11,10173.51,7388.51
2017-04-07,9139.51,10217.11,7421.06
2017-04-14,9029.01,10158.83,7407.84
2017-04-21,8862.41,10051.62,7187.85
2017-04-28,8929.56,10074.17,7285.64
2017-05-05,8989.91,10083.89,7382.41
2017-05-12,9043.46,10145.73,7531.05
2017-05-19,8968.66,10104.28,7600.21
2017-05-26,9219.41,10302.27,7679.69
2017-06-02,9246.61,10303.29,7672.57
2017-06-09,9351.16,10381.33,7662.4
2017-06-16,9278.06,10317.24,7610.82
2017-06-23,9351.16,10382.25,7560.26
2017-06-30,9124.21,10141.8,7457.09
2017-07-07,9185.41,10161.24,7502.57
2017-07-14,9189.66,10165.03,7526.26
2017-07-21,9333.31,10314.36,7598.47
2017-07-28,9238.96,10234.06,7516.96
2017-08-04,9353.71,10327.24,7677.8
2017-08-11,9232.16,10290.77,7511.73
2017-08-18,9333.31,10345.47,7539.62
2017-08-25,9371.56,10392.39,7621.14
2017-09-01,9402.16,10408.51,7653.1
2017-09-08,9252.56,10338.42,7600.5
2017-09-15,9084.26,10102.88,7418.01
2017-09-22,9155.66,10145.69,7525.53
2017-09-29,9270.41,10224.23,7599.78
2017-10-06,9589.16,10428.87,7760.48
2017-10-13,9498.21,10379.24,7784.6
2017-10-20,9595.11,10451.2,7768.91
2017-10-27,9647.81,10486.85,7755.25
2017-11-03,9731.96,10567.56,7811.62
2017-11-10,9597.66,10452.01,7690.59
2017-11-17,9590.86,10468.45,7650.92
2017-11-24,9624.01,10517.41,7687.39
2017-12-01,9508.41,10450.19,7583.07
2017-12-08,9656.31,10518.22,7675.91
2017-12-15,9777.86,10661.75,7776.32
2017-12-22,9810.16,10625.95,7854.2
2017-12-29,9780.41,10640.6,8008.8
2018-01-05,9715.39,10709.96,8011.85
2018-01-12,9788.16,10725.12,8071.86
2018-01-19,9728.25,10696.02,8022.45
2018-01-26,9650.37,10641.35,7958.23
2018-02-02,9429.32,10469.93,7729.97
2018-02-09,9018.65,10140.31,7366.13
2018-02-16,9370.19,10376.86,7605.88
2018-02-23,9354.32,10387.55,7577.55
2018-03-02,9250.78,10339.96,7396.65
2018-03-09,9511.3,10496.71,7565.92
2018-03-16,9442.83,10501.38,7510.71
2018-03-23,8961.87,10191.35,7262.68
2018-03-30,9064.58,10289.53,7411.03
2018-04-06,8957.73,10239.66,7547.76
2018-04-13,8933.22,10238.63,7637.85
2018-04-20,8880.12,10329.53,7754.38
2018-04-27,8912.8,10452.64,7912.32
2018-05-04,8985.1,10560.07,7972.76
2018-05-11,9204.79,10675.37,8167.75
2018-05-18,9279.93,10670.62,8234.45
2018-05-25,9223.78,10777.62,8184.61
2018-06-01,9188.39,10771.54,8161.36
2018-06-08,9208.86,10770.63,8154.97
2018-06-15,9282.96,10862.92,8105.57
2018-06-22,9261.12,10840.63,8163.54
2018-06-29,9217.44,10827.88,8119.52
2018-07-06,9231.48,10845.59,8098.16
2018-07-13,9375.78,10945.37,8143.2
2018-07-20,9487.32,11041.14,8158.17
2018-07-27,9577.8,11092.01,8185.05
2018-08-03,9601.98,11092.81,8147.41
2018-08-10,9729.9,11213.75,8186.06
2018-08-17,9740.04,11221.93,8098.16
2018-08-24,9772.8,11220.15,8120.68
2018-08-31,9731.46,11190.73,7960.7
2018-09-07,9616.8,11092.74,7799.86
2018-09-14,9655.8,11084.79,7833.13
2018-09-21,9807.9,11189.15,8034.08
2018-09-28,9772.02,11150.11,8059.07
2018-10-05,9581.7,10961.62,7859.14
2018-10-12,9122.28,10643.41,7523.49
2018-10-19,9262.68,10780.94,7586.55
2018-10-26,9001.38,10651.95,7465.96
2018-11-02,9131.87,10729.42,7627.82
2018-11-09,9093.38,10792.91,7653.83
2018-11-16,9105.9,10777.05,7568.1
2018-11-23,9110.08,10636.9,7519.14
2018-11-30,9041.19,10793.76,7543.11
2018-12-07,9254.12,10727.91,7322.54
2018-12-14,9272.9,10752.13,7404.06
2018-12-21,9220.72,10381.13,7255.13
2018-12-28,9268.73,10429.97,7301.04
2019-01-04,9260.38,10500.82,7392.0
2019-01-11,9247.85,10614.96,7490.66
2019-01-18,9212.37,10729.96,7545.44
2019-01-25,9268.73,10625.53,7374.56
2019-02-01,9327.18,10785.87,7600.21
2019-02-08,9419.03,10829.14,7657.17
2019-02-15,9396.07,11054.99,7852.16
2019-02-22,9396.07,11025.18,7817.0
2019-03-01,9261.55,10893.1,7735.92
2019-03-08,9141.0,10893.06,7754.67
2019-03-15,9262.28,10981.37,7889.21
2019-03-22,9242.97,11082.6,7867.13
2019-03-29,9429.92,11189.43,7957.8
2019-04-05,9629.99,11289.76,8154.82
2019-04-12,9615.32,11245.05,8152.5
2019-04-19,9687.16,11302.09,8186.79
2019-04-26,9807.67,11412.52,8150.32
2019-05-03,9674.03,11278.35,8111.67
2019-05-10,9434.55,11145.55,7912.46
2019-05-17,9789.13,11436.82,8106.15
2019-05-24,9669.39,11389.32,8033.06
2019-05-31,9538.07,11315.43,7911.3
2019-06-07,9574.23,11555.26,8110.51
2019-06-14,9523.1,11629.51,8132.01
2019-06-21,9521.06,11756.25,8203.79
2019-06-28,9498.56,11718.29,8235.32
2019-07-05,9502.37,11957.33,8375.68
2019-07-12,9510.89,11931.01,8323.95
2019-07-19,9528.64,11991.37,8325.11
2019-07-26,9668.51,12113.53,8383.53
2019-08-02,9557.75,12075.86,8215.12
2019-08-09,9530.06,12104.95,8094.96
2019-08-16,9398.0,12053.25,7974.8
2019-08-23,9310.67,11955.71,7954.6
2019-08-30,9478.23,12141.38,8074.76
2019-09-06,9601.06,12223.57,8175.75
2019-09-13,9632.3,12140.59,8270.63
2019-09-20,9588.99,12192.28,8235.46
2019-09-27,9645.08,12290.58,8336.59
2019-10-04,9461.19,12172.3,8043.23
2019-10-11,9398.71,11980.1,8150.17
2019-10-18,9287.95,11890.46,8044.4
2019-10-25,9412.91,12011.2,8236.63
2019-11-01,9444.86,12030.84,8219.48
2019-11-08,9624.49,12098.5,8291.11
2019-11-15,9614.55,12115.19,8228.64
2019-11-22,9625.91,12127.03,8268.45
2019-11-29,9659.99,12169.15,8296.78
2019-12-06,9542.84,12054.6,8176.33
2019-12-13,9461.9,11984.8,8297.8
2019-12-20,9823.29,12268.28,8563.99
2019-12-27,9858.08,12312.85,8648.84
2020-01-03,9834.65,12312.13,8628.21
2020-01-10,9952.51,12375.93,8577.65
2020-01-17,10092.38,12546.75,8677.47
2020-01-24,10027.06,12550.29,8585.78
2020-01-31,9686.26,12314.26,8246.22
2020-02-07,10175.45,12639.95,8452.69
2020-02-14,10171.9,12634.2,8403.29
2020-02-21,10117.94,12643.17,8413.6
2020-02-28,9040.87,11877.6,7501.7
2020-03-06,9536.65,11992.49,7393.89
2020-03-13,9294.52,11047.06,6137.91
2020-03-20,9234.92,11003.45,5942.05
2020-03-27,9380.2,11252.06,6319.97
2020-04-03,9441.66,11191.26,6184.41
2020-04-10,9557.14,11800.4,6665.64
2020-04-17,9536.65,11827.41,6615.81
2020-04-24,9581.35,11860.65,6578.61
2020-05-01,9616.74,11885.02,6580.93
2020-05-08,9670.75,12142.8,6783.92
2020-05-15,9605.56,12079.59,6644.72
2020-05-22,9644.67,12316.35,6858.17
2020-05-29,9659.57,12459.84,6946.22
2020-06-05,9395.1,12585.69,7419.31
2020-06-12,9626.05,12430.12,6984.72
2020-06-19,9512.44,12697.44,7202.96
2020-06-26,9596.25,12563.27,7055.92
2020-07-03,9570.17,12650.03,7059.41
2020-07-10,9626.05,12667.08,6991.7
2020-07-17,9557.14,12840.38,7213.57
2020-07-24,9579.49,12701.51,7032.53
2020-07-31,9637.22,12551.85,6783.92
2020-08-07,9570.17,12742.15,6943.75
2020-08-14,9430.49,12739.45,7032.53
2020-08-21,9452.84,12765.12,6940.26
2020-08-28,9346.67,12763.92,6891.29
2020-09-04,9415.59,12635.89,6709.09
2020-09-11,9519.89,12945.98,6970.63
2020-09-18,9506.85,12861.02,6942.15
2020-09-25,9534.79,12807.25,6759.51
2020-10-02,9436.07,12803.25,6838.41
2020-10-09,9408.14,12993.34,6978.77
2020-10-16,9534.79,13138.46,6872.55
2020-10-23,9400.69,12912.54,6804.26
2020-10-30,9413.72,12563.51,6483.58
2020-11-06,9395.1,12975.48,6869.06
2020-11-13,9322.46,13093.46,7333.59
2020-11-20,9357.85,13140.19,7378.34
2020-11-27,9410.0,13318.66,7426.72
2020-12-04,9326.19,13288.29,7623.46
2020-12-11,9560.86,13496.88,7625.2
2020-12-18,9465.87,13429.97,7612.13
2020-12-25,9447.25,13363.76,7599.2
2021-01-01,9519.89,13441.2,7542.24
2021-01-08,9406.27,13608.68,8028.12
2021-01-15,9404.41,13509.45,7859.86
2021-01-22,9376.47,13553.55,7812.5
2021-01-29,9382.06,13277.4,7468.72
2021-02-05,9166.01,13463.78,7573.04
2021-02-12,9147.39,13502.63,7685.65
2021-02-19,8977.9,13317.3,7741.3
2021-02-26,8840.07,13054.8,7589.61
2021-03-05,8690.63,12992.85,7776.9
2021-03-12,9045.58,13271.1,7943.56
2021-03-19,9074.21,13299.45,7878.9
2021-03-26,9133.75,13401.3,7932.8
2021-04-02,9228.78,13452.75,7925.54
2021-04-09,9511.03,13731.53,8135.93
2021-04-16,9612.36,13833.9,8266.27
2021-04-23,9587.17,13828.65,8176.62
2021-04-30,9587.17,13785.6,8219.63
2021-05-07,9612.36,13833.9,8408.52
2021-05-14,9397.1,13578.75,8316.4
2021-05-21,9403.97,13596.6,8298.52
2021-05-28,9498.43,13724.18,8309.28
2021-06-04,9544.8,13759.35,8359.41
2021-06-11,9619.8,13874.33,8434.82
2021-06-18,9684.49,13943.1,8308.55
2021-06-25,9833.92,14046.53,8446.3
2021-07-02,9970.74,14205.6,8430.6
2021-07-09,9987.92,14251.8,8439.03
2021-07-16,9970.74,14264.4,8307.24
2021-07-23,10112.15,14458.13,8333.83
2021-07-30,10007.96,14369.93,8350.83
2021-08-06,10113.87,14451.3,8458.35
2021-08-13,10211.77,14569.43,8602.35
2021-08-20,10232.95,14610.9,8468.09
2021-08-27,10318.82,14650.8,8546.7
2021-09-03,10349.17,14642.93,8550.33
2021-09-10,10252.99,14546.33,8417.38
2021-09-17,10217.49,14465.48,8332.53
2021-09-24,10272.45,14459.18,8440.19
2021-10-01,10055.59,14204.03,8416.94
2021-10-08,10069.76,14209.8,8501.36
2021-10-15,10274.21,14367.83,8673.98
2021-10-22,10226.37,14468.1,8633.59
2021-10-29,10278.51,14721.15,8677.61
2021-11-05,10375.75,15152.18,8759.71
2021-11-12,10440.98,15111.23,8814.78
2021-11-19,10281.44,15112.8,8680.08
2021-11-26,10036.37,14973.15,8473.18
2021-12-03,10184.52,14954.25,8563.84
2021-12-10,10485.24,15263.48,8764.65
2021-12-17,10402.19,15118.05,8729.78
2021-12-24,10468.74,15095.48,8861.71
2021-12-31,10472.59,15078.15,8875.22
2022-01-07,10244.34,14760.71,8996.11
2022-01-14,10092.54,14657.11,9077.33
2022-01-21,9897.84,14455.21,9021.97
2022-01-28,9679.49,14224.14,8989.86
2022-02-04,9905.07,14254.89,9063.82
2022-02-11,10099.13,14210.89,9241.38
2022-02-18,9918.57,14078.86,9076.17
2022-02-25,9914.6,14080.39,9072.54
2022-03-04,9255.9,14083.84,8469.83
2022-03-11,9511.73,13964.76,8703.91
2022-03-18,9867.91,14265.99,9029.82
2022-03-25,9966.85,14284.21,9120.34
2022-04-01,10042.23,14453.49,9198.51
2022-04-08,9973.99,14347.71,9363.43
2022-04-15,9806.29,14109.51,9298.92
2022-04-22,9744.48,14048.64,9207.09
2022-04-29,9727.28,14039.69,9235.71
2022-05-06,9504.29,13883.09,9043.48
2022-05-13,9544.76,13911.24,9081.98
2022-05-20,9529.03,13490.54,9067.02
2022-05-27,9787.09,13827.91,9312.57
2022-06-03,9719.29,13707.54,9248.06
2022-06-10,9436.49,13316.31,8978.96
2022-06-17,9047.87,12889.24,8609.18
2022-06-24,9302.73,13294.74,8851.68
2022-07-01,9260.43,13325.56,8811.43
2022-07-08,9302.73,13458.84,8851.68
2022-07-15,9255.24,13463.21,8806.49
2022-07-22,9403.05,13720.26,8947.14
2022-07-29,9596.98,13891.31,9131.68
2022-08-05,9629.97,13950.96,9163.06
2022-08-12,9754.11,14105.11,9281.19
2022-08-19,9833.36,14108.89,9356.6
2022-08-26,9685.4,13835.96,9215.8
2022-09-02,9498.03,13575.44,9037.52
2022-09-09,9602.33,13600.96,9136.76
2022-09-16,9462.0,13323.26,9003.23
2022-09-23,9176.14,13004.26,8731.23
2022-09-30,9022.37,12852.04,8584.91
2022-10-07,9144.07,12715.99,8700.72
2022-10-14,8978.39,12436.96,8543.06
2022-10-21,9118.57,12766.36,8676.45
2022-10-28,9213.55,13103.29,8766.83
2022-11-04,9595.76,13098.86,9130.51
2022-11-11,9576.98,13382.11,9112.64
2022-11-18,9667.83,13343.96,9199.09
2022-11-25,9816.11,13406.91,9340.18
2022-12-02,9911.09,13314.71,9430.56
2022-12-09,9800.07,13118.36,9324.92
2022-12-16,9624.77,12907.49,9158.12
2022-12-23,9799.61,12885.36,9324.49
2022-12-30,9778.24,12895.14,9304.15
2023-01-06,10103.79,13061.66,9613.93
2023-01-13,10298.79,13259.25,9799.47
2023-01-20,10200.61,13117.69,9706.05
2023-01-27,10195.26,13343.22,9700.96
2023-02-03,10374.22,13801.16,9871.25
2023-02-10,10336.51,13492.61,9835.36
2023-02-17,10507.38,13450.59,9997.95
2023-02-24,10367.51,13249.89,9864.86
2023-03-03,10483.1,13315.74,9974.85
2023-03-10,10230.23,13170.81,9734.23
2023-03-17,9718.68,13168.71,9247.48
2023-03-24,9828.32,13187.4,9351.8
2023-03-31,10135.55,13347.96,9644.15
2023-04-07,10265.5,13362.7,9767.8
2023-04-14,10446.91,13373.0,9940.41
2023-04-21,10509.06,13342.5,9999.55
2023-04-28,10467.22,13271.91,9959.74
2023-05-05,10348.11,13181.57,9846.41
2023-05-12,10330.55,13265.67,9829.7
2023-05-19,10352.08,13295.58,9850.18
2023-05-26,10182.89,13199.53,9689.19
2023-06-02,10003.84,13345.84,9668.7
2023-06-09,9990.37,13282.54,9622.35
2023-06-16,9920.56,13351.09,9718.25
2023-06-23,9965.24,13243.8,9504.08
2023-06-30,9959.65,13422.58,9590.24
2023-07-07,9723.84,13153.14,9240.21
2023-07-14,9814.32,13306.88,9476.62
2023-07-21,10060.28,13585.35,9763.88
2023-07-28,10135.16,13625.85,9805.72
2023-08-04,10036.36,13519.1,9660.71
2023-08-11,9944.84,13376.95,9648.94
2023-08-18,9674.96,13102.98,9326.38
2023-08-25,9841.36,13336.96,9434.77
2023-09-01,10106.04,13566.24,9612.47
2023-09-08,10093.56,13565.27,9620.17
2023-09-15,10203.28,13671.65,9918.77
2023-09-22,10080.04,13595.33,9879.24
2023-09-29,10026.48,13470.4,9805.29
2023-10-06,10077.6,13303.58,9659.99
2023-10-13,10230.57,13540.98,9806.59
2023-10-20,9970.12,13228.03,9556.97
2023-10-27,9821.25,13113.96,9414.28
2023-11-03,9975.58,13514.73,9562.2
2023-11-10,9921.76,13600.51,9510.62
2023-11-17,10128.54,13841.76,9708.81
2023-11-24,10117.48,13739.3,9698.2
2023-12-01,10155.52,13802.94,9744.41
2023-12-08,10154.98,13958.3,9784.07
2023-12-15,10486.48,14274.77,9829.55
2023-12-22,10638.41,14395.13,9989.24
2023-12-29,10588.69,14446.25,10030.5
2024-01-05,10385.31,14177.26,9961.34
2024-01-12,10511.48,14289.26,9890.72
2024-01-19,10548.05,14256.86,9684.4
2024-01-26,10737.05,14385.21,9914.7
2024-02-02,10674.88,14511.38,9880.12
2024-02-09,10665.69,14563.14,9814.88
2024-02-16,10639.65,14653.22,10018.59
2024-02-23,10711.97,14738.2,10025.27
2024-03-01,10717.75,14810.95,10006.53
2024-03-08,10868.16,14841.14,10013.21
2024-03-15,10769.82,14800.47,10101.41
2024-03-22,10888.41,15137.36,10374.72
2024-03-29,10905.76,15156.13,10416.27
2024-04-05,10684.02,15001.51,10350.6
2024-04-12,10718.1,15007.05,10479.33
2024-04-19,10459.38,14748.8,10357.43
2024-04-26,10628.34,14857.19,10677.67
2024-05-03,10615.38,14892.89,10787.51
2024-05-10,10856.82,15140.57,11083.64
2024-05-17,10862.1,15167.95,11089.01
2024-05-24,10817.46,15078.82,10956.35
2024-05-31,10659.54,14920.91,10912.04
2024-06-07,10899.54,15162.78,10889.37
2024-06-14,10959.06,15304.39,10763.39
2024-06-21,11086.26,15402.03,10877.6
2024-06-28,11145.78,15419.21,10805.53
2024-07-05,11136.66,15443.1,10828.63
2024-07-12,11175.54,15486.22,10914.22
2024-07-19,10988.82,15318.29,10775.6
2024-07-26,10930.74,15273.54,10957.66
2024-08-02,10676.82,15175.79,10798.7
2024-08-09,10753.14,15206.15,10835.46
2024-08-16,11068.98,15497.69,11055.59
2024-08-23,11037.3,15477.56,11090.9
2024-08-30,11063.7,15471.82,11139.87
2024-09-06,10684.02,15197.27,10887.04
2024-09-13,11062.26,15576.79,11024.93
2024-09-20,11050.74,15509.04,10963.18
2024-09-27,11128.02,15535.69,11094.97
2024-10-04,11262.9,15602.12,11048.33
2024-10-11,11425.62,15718.7,11011.28
2024-10-18,11513.94,15874.89,11148.58
2024-10-25,11491.38,15788.38,11014.04
2024-11-01,11369.46,15595.2,10928.89
2024-11-08,11740.5,15927.45,10791.44
2024-11-15,11781.78,15948.39,10801.17
2024-11-22,12038.58,16217.1,11074.34
2024-11-29,12010.74,16250.41,11099.04
2024-12-06,12128.82,16343.1,11148.58
2024-12-13,12103.86,16268.15,11119.52
2024-12-20,11910.9,16055.3,10872.22
2024-12-27,11959.86,16060.21,10923.37
2025-01-03,12025.62,16125.13,11061.55
2025-01-10,12082.26,16060.96,11087.7
2025-01-17,12458.1,16463.56,11415.21
2025-01-24,12431.7,16454.42,11424.95
2025-01-31,12520.02,16576.18,11662.51
2025-02-07,12420.18,16533.86,11691.57
2025-02-14,12409.14,16526.69,11732.98
2025-02-21,12315.06,16410.72,11669.48
2025-02-28,12019.86,16231.57,11865.64
2025-03-07,11989.08,15762.44,11731.67
2025-03-14,11958.21,15643.7,11701.45
2025-03-21,11990.86,15687.14,11733.42
2025-03-28,12002.28,15565.84,11744.61
2025-04-04,11171.99,15040.7,10931.65
2025-04-11,11083.99,14931.72,10845.49
2025-04-18,11560.79,15042.59,11312.34
2025-04-25,11733.98,15374.75,11481.9
2025-05-02,12005.1,15633.63,11747.37
2025-05-09,11943.96,15601.14,11687.5
2025-05-16,12151.28,15936.96,11890.49
2025-05-23,12179.62,15615.62,11918.24
2025-05-30,12288.84,15823.04,12025.18
2025-06-06,12388.27,15951.84,12122.53
2025-06-13,12401.48,15982.52,12135.46
2025-06-20,12309.47,15995.11,12045.38
2025-06-27,12356.96,16139.04,12091.87
2025-07-04,12384.27,16248.55,12118.61
2025-07-11,12540.98,16302.49,12272.04
2025-07-18,12614.43,16381.79,12343.97
2025-07-25,12795.63,16544.89,12521.38
2025-08-01,12726.62,16481.98,12453.81
2025-08-08,12791.33,16575.04,12517.17
2025-08-15,12902.03,16583.65,12625.56
2025-08-22,13158.17,16675.28,12876.35
2025-08-29,12985.43,16622.62,12707.22
2025-09-05,13007.1,16650.81,12728.43
2025-09-12,13108.01,16826.53,12827.24
2025-09-19,13016.6,16921.72,12737.73
2025-09-26,13080.41,16930.25,12800.21
2025-10-03,13392.35,17130.33,13105.63
2025-10-10,13311.02,17062.09,13026.01
2025-10-17,13216.79,17085.39,12933.74
2025-10-24,13646.11,17491.15,13354.09
2025-10-31,13746.13,17710.82,13452.03
2025-11-07,13688.11,17367.17,13395.21
2025-11-14,13738.86,17471.71,13444.91
2025-11-21,13514.04,17256.78,13224.78
2025-11-28,13798.37,17601.33,13503.17
2025-12-05,13747.62,17613.35,13453.48
2025-12-12,13721.2,17518.66,13427.61
2025-12-19,14050.8,17542.09,13750.33
2025-12-26,14020.08,17556.8,13720.25
2026-01-02,14142.66,17524.98,13840.27
2026-01-09,14383.21,17840.94,14075.8
2026-01-16,14540.81,17861.51,14230.11
2026-01-23,14405.18,17650.74,14097.3
2026-01-30,14513.06,17573.53,14202.94
2026-02-06,14742.05,17626.92,14427.13
2026-02-13,14838.21,17676.89,14521.29
2026-02-20,15243.64,17887.66,14918.25
2026-02-27,15590.74,18005.21,15258.1
2026-03-06,14666.21,17542.2,14352.89
2026-03-13,14663.24,17407.2,14349.98
2026-03-20,14211.81,17111.66,13907.98
2026-03-27,14299.66,16982.83,13993.99
2026-04-03,14969.39,17376.17,14649.73
2026-04-10,15233.25,17640.07,14908.08
2026-04-17,15332.97,17996.29,15005.72
2026-04-24,14951.88,17886.61,14632.59
2026-05-01,14916.49,17935.79,14612.54
2026-05-08,14875.07,18128.17,14423.07
2026-05-15,15209.57,18263.23,14368.58
2026-05-22,15277.07,18458.79,14798.96
2026-05-29,15404.57,18594.82,14727.32
2026-06-05,15340.57,18506.73,14646.97
2026-06-12,15249.07,18470.19,14778.9
2026-06-19,15555.57,18707.02,14642.76
2026-06-26,15355.57,18615.66,14851.99
2026-07-03,15535.57,18726.26,15099.0
2026-07-10,15471.57,18630.94,14869.43
2026-07-17,15303.57,18486.03,15000.2
2026-07-24,15383.57,18515.7,15200.71
2026-07-31,15281.57,18436.88,15392.51
2026-08-07,15593.13,18941.98,15476.78
2026-08-14,15405.87,18910.09,15290.8
2026-08-21,15514.13,18685.42,15398.32
2026-08-28,15528.76,18853.0,15412.85
