date,gtaa,dual_momentum,vol_target,bench_6040,ew5
2008-06-06,4755.47,4695.57,4651.92,4651.92,4710.79
2008-06-13,4750.67,4667.51,4660.22,4660.22,4703.39
2008-06-20,4692.8,4632.2,4530.68,4530.68,4573.12
2008-06-27,4671.51,4609.54,4435.47,4435.47,4494.7
2008-07-04,4703.37,4619.18,4438.04,4438.04,4503.99
2008-07-11,4686.81,4641.73,4382.5,4382.5,4437.83
2008-07-18,4567.79,4555.9,4387.46,4387.46,4372.11
2008-07-25,4535.72,4594.43,4393.14,4393.14,4349.42
2008-08-01,4563.26,4670.52,4462.51,4466.89,4396.87
2008-08-08,4533.39,4792.89,4632.39,4663.64,4483.08
2008-08-15,4586.71,4960.38,4773.95,4829.71,4598.59
2008-08-22,4622.41,4995.79,4791.92,4851.16,4627.94
2008-08-29,4658.17,5109.31,4855.16,4926.88,4719.87
2008-09-05,4675.14,5289.05,4908.2,5003.24,4707.04
2008-09-12,4656.54,5231.79,4868.3,4954.7,4654.38
2008-09-19,4648.07,5112.61,4741.84,4815.93,4612.18
2008-09-26,4589.21,4961.18,4636.72,4704.9,4501.88
2008-10-03,4566.64,5182.18,4662.68,4696.82,4301.5
2008-10-10,4499.81,4812.15,4478.51,4294.84,3894.89
2008-10-17,4406.98,5068.37,4506.74,4351.17,3798.11
2008-10-24,4462.55,5586.25,4610.65,4625.06,3833.17
2008-10-31,4527.82,5567.74,4684.69,4775.37,4061.01
2008-11-07,4550.84,5799.99,4710.32,4859.19,4073.3
2008-11-14,4621.06,6149.52,4725.01,4993.23,4035.95
2008-11-21,4642.25,6047.24,4685.01,4829.99,3763.6
2008-11-28,4628.07,5964.09,4726.06,5004.66,3958.08
2008-12-05,4691.59,6346.27,4777.56,5220.33,4047.63
2008-12-12,4686.27,6309.57,4771.37,5193.45,4108.25
2008-12-19,4718.17,6412.59,4783.16,5277.33,4174.63
2008-12-26,4743.67,6662.72,4800.23,5367.73,4217.49
2009-01-02,4723.65,6703.97,4842.26,5478.75,4360.45
2009-01-09,4684.43,6367.28,4696.67,5147.15,4020.77
2009-01-16,4718.06,6623.37,4702.79,5162.77,3983.2
2009-01-23,4772.28,6955.54,4802.79,5398.26,4137.23
2009-01-30,4696.75,6613.72,4665.9,5075.84,3859.6
2009-02-06,4669.89,6453.4,4686.06,5121.8,3894.06
2009-02-13,4712.31,6704.45,4696.06,5146.84,3784.84
2009-02-20,4713.37,6613.89,4608.67,4942.96,3596.83
2009-02-27,4705.54,6647.36,4558.73,4826.13,3555.36
2009-03-06,4734.25,6776.47,4511.88,4741.23,3464.99
2009-03-13,4744.17,6818.49,4669.67,5043.84,3717.44
2009-03-20,4733.14,6644.11,4633.2,4970.29,3667.42
2009-03-27,4734.38,6654.22,4742.86,5178.27,3789.35
2009-04-03,4685.13,6439.45,4692.37,5069.18,3828.41
2009-04-10,4696.14,6510.48,4730.34,5177.79,3918.57
2009-04-17,4687.42,6474.4,4732.4,5181.73,3933.57
2009-04-24,4692.24,6576.9,4738.59,5200.09,3974.86
2009-05-01,4663.29,6457.12,4710.72,5132.56,3911.97
2009-05-08,4636.02,6341.75,4745.17,5189.86,4066.37
2009-05-15,4650.91,6428.03,4685.33,5086.77,3885.08
2009-05-22,4581.93,6094.03,4535.2,4816.46,3790.62
2009-05-29,4565.32,6025.24,4552.68,4845.22,3868.57
2009-06-05,4530.5,5997.14,4597.29,4921.67,3968.43
2009-06-12,4526.43,5871.17,4535.45,4811.1,3895.8
2009-06-19,4496.22,5878.13,4481.74,4716.76,3760.64
2009-06-26,4495.56,5924.29,4492.87,4737.94,3757.35
2009-07-03,4465.56,5979.26,4462.17,4714.75,3704.05
2009-07-10,4444.23,6097.86,4483.22,4738.18,3635.28
2009-07-17,4542.97,6010.37,4577.5,4854.22,3774.25
2009-07-24,4616.39,5989.51,4658.47,4952.23,3924.32
2009-07-31,4611.98,5927.7,4625.15,4912.4,3931.22
2009-08-07,4800.74,5870.69,4653.57,4948.35,4088.91
2009-08-14,4759.96,6009.9,4710.39,5014.87,4077.95
2009-08-21,4843.88,6015.39,4776.72,5094.8,4151.8
2009-08-28,4956.7,6137.9,4864.04,5198.49,4266.57
2009-09-04,4769.32,6116.86,4793.19,5122.51,4103.57
2009-09-11,4875.11,6052.86,4807.96,5143.0,4188.71
2009-09-18,5112.87,6196.1,4962.46,5323.98,4401.81
2009-09-25,5061.99,6352.81,5016.81,5377.33,4382.8
2009-10-02,4961.58,6366.13,4984.94,5335.09,4305.99
2009-10-09,5178.6,6378.34,5122.21,5502.39,4492.77
2009-10-16,5100.73,6185.11,5012.9,5383.15,4425.59
2009-10-23,5117.97,6208.99,4994.25,5361.96,4440.18
2009-10-30,4893.1,6180.94,4849.33,5187.24,4245.81
2009-11-06,4917.05,6250.29,4890.06,5241.88,4267.92
2009-11-13,5013.98,6397.01,4946.07,5308.89,4350.68
2009-11-20,5058.72,6370.74,5001.0,5368.86,4387.98
2009-11-27,5016.21,6314.39,5026.02,5394.4,4352.83
2009-12-04,5154.83,6510.27,5038.32,5415.78,4470.25
2009-12-11,5126.15,6483.0,5098.03,5484.31,4445.99
2009-12-18,5182.15,6434.95,5120.74,5508.85,4492.47
2009-12-25,5366.52,6680.28,5207.51,5616.36,4649.81
2010-01-01,5268.44,6577.08,5108.81,5503.37,4565.7
2010-01-08,5418.22,6909.68,5246.26,5654.33,4688.72
2010-01-15,5295.41,6712.13,5169.85,5569.71,4580.89
2010-01-22,5122.92,6401.81,5107.7,5502.8,4451.45
2010-01-29,5076.2,6264.11,5099.29,5494.52,4419.35
2010-02-05,5145.78,6207.99,5195.5,5603.63,4468.69
2010-02-12,5145.29,6288.31,5198.82,5605.97,4490.61
2010-02-19,5327.25,6585.7,5348.69,5772.33,4695.48
2010-02-26,5409.99,6660.43,5440.25,5876.52,4774.44
2010-03-05,5585.61,7006.48,5570.57,6020.84,4926.87
2010-03-12,5627.2,7059.59,5578.1,6028.46,4952.6
2010-03-19,5727.62,7112.0,5676.1,6138.23,5035.36
2010-03-26,5777.06,7172.44,5717.69,6183.82,5071.44
2010-04-02,5693.77,7218.93,5609.2,6061.08,5015.63
2010-04-09,5734.58,7229.16,5631.25,6084.83,5056.96
2010-04-16,5687.68,7144.37,5649.07,6105.65,5023.07
2010-04-23,5788.74,7148.22,5702.9,6164.45,5112.12
2010-04-30,5736.76,6968.35,5683.6,6145.44,5087.05
2010-05-07,5555.1,6505.16,5658.61,6123.46,4937.41
2010-05-14,5726.52,6777.29,5845.13,6331.52,5092.51
2010-05-21,5567.67,6560.61,5764.05,6244.76,4954.72
2010-05-28,5621.71,6558.87,5769.4,6250.22,5002.85
2010-06-04,5466.09,6224.91,5681.0,6189.18,4867.3
2010-06-11,5556.15,6341.94,5708.8,6233.78,5004.19
2010-06-18,5549.18,6367.59,5694.2,6204.84,5023.01
2010-06-25,5428.17,6060.95,5581.96,6014.27,4879.88
2010-07-02,5266.57,5687.39,5446.7,5804.82,4620.92
2010-07-09,5334.36,6058.4,5613.97,6024.38,4852.17
2010-07-16,5297.22,5892.96,5536.45,5922.0,4748.87
2010-07-23,5341.98,6052.22,5586.5,5983.05,4863.28
2010-07-30,5336.26,5942.27,5524.58,5899.13,4825.7
2010-08-06,5307.81,5961.79,5516.27,5891.92,4839.63
2010-08-13,5274.61,5872.71,5543.13,5927.42,4786.6
2010-08-20,5271.68,5852.64,5545.49,5931.05,4780.94
2010-08-27,5287.23,5816.57,5521.3,5903.92,4807.21
2010-09-03,5407.82,6068.87,5656.01,6048.92,4964.44
2010-09-10,5392.25,6140.16,5698.39,6092.36,4988.3
2010-09-17,5378.8,6118.06,5656.89,6045.32,4954.55
2010-09-24,5360.09,6166.05,5681.05,6069.39,4965.07
2010-10-01,5351.26,6158.11,5694.06,6085.53,4992.85
2010-10-08,5412.1,6206.52,5726.73,6119.64,5051.26
2010-10-15,5418.24,6256.54,5725.4,6113.34,5056.64
2010-10-22,5552.14,6414.7,5860.98,6258.89,5182.65
2010-10-29,5402.16,6279.87,5731.37,6118.21,5042.36
2010-11-05,5556.06,6446.27,5825.09,6213.43,5185.08
2010-11-12,5415.82,6338.57,5744.24,6127.9,5054.3
2010-11-19,5401.56,6395.89,5775.67,6159.7,5040.21
2010-11-26,5510.37,6500.79,5888.64,6283.51,5144.18
2010-12-03,5583.47,6617.42,5904.41,6291.17,5209.97
2010-12-10,5542.19,6695.39,5892.71,6269.96,5170.51
2010-12-17,5642.15,6840.31,6015.47,6401.59,5263.57
2010-12-24,5763.25,6954.5,6085.05,6473.17,5376.13
2010-12-31,5743.81,6881.71,6034.78,6420.54,5358.16
2011-01-07,5728.94,6984.51,6098.91,6485.65,5340.19
2011-01-14,5748.61,6958.74,6041.59,6420.77,5339.66
2011-01-21,5682.83,6853.22,5955.65,6330.14,5265.65
2011-01-28,5739.0,6878.54,6004.08,6384.6,5332.12
2011-02-04,5758.31,6954.18,5957.4,6331.9,5310.6
2011-02-11,5832.35,7104.69,6049.74,6431.46,5381.35
2011-02-18,5804.26,7071.71,6008.07,6387.47,5345.52
2011-02-25,5844.76,7012.21,6027.42,6405.89,5408.0
2011-03-04,5841.36,6955.38,5966.11,6340.94,5396.51
2011-03-11,5802.59,6949.39,6006.78,6382.85,5375.89
2011-03-18,5696.73,6752.21,5907.72,6275.1,5281.41
2011-03-25,5837.18,7021.03,6042.57,6421.79,5409.89
2011-04-01,5912.03,7089.85,6069.09,6451.08,5473.37
2011-04-08,5865.99,6958.52,5938.59,6312.56,5410.16
2011-04-15,5868.94,6942.6,5972.89,6347.62,5425.3
2011-04-22,5883.96,6944.38,5946.83,6320.71,5426.84
2011-04-29,5926.06,7010.28,5979.84,6356.61,5462.25
2011-05-06,5811.1,6961.87,6065.63,6446.0,5379.96
2011-05-13,5856.26,6906.6,6129.2,6513.5,5435.18
2011-05-20,5854.89,6890.85,6114.75,6497.67,5435.59
2011-05-27,5817.84,6822.54,6026.93,6403.44,5391.19
2011-06-03,5783.43,6866.07,5991.41,6363.25,5386.45
2011-06-10,5736.01,6745.79,5993.16,6363.28,5348.76
2011-06-17,5713.19,6699.05,6014.46,6385.81,5321.02
2011-06-24,5756.71,6756.39,6112.27,6489.35,5360.47
2011-07-01,5911.88,7130.15,6205.17,6594.41,5501.59
2011-07-08,5954.2,7045.7,6259.32,6651.23,5576.31
2011-07-15,5852.22,6849.24,6178.14,6562.51,5489.86
2011-07-22,5906.08,6983.57,6186.34,6573.16,5540.08
2011-07-29,5756.16,6742.28,6022.04,6393.96,5372.78
2011-08-05,5365.38,6419.68,5826.05,6178.83,5036.48
2011-08-12,5425.78,6365.23,5885.37,6238.77,5091.61
2011-08-19,5240.12,6002.45,5708.03,6045.76,4922.64
2011-08-26,5399.66,6324.24,5867.59,6219.29,5069.49
2011-09-02,5572.67,6372.87,5988.62,6309.76,5145.54
2011-09-09,5604.15,6398.47,6020.69,6399.48,5178.18
2011-09-16,5597.73,6786.02,6100.28,6598.24,5322.83
2011-09-23,5641.98,6479.68,6070.27,6535.14,5126.65
2011-09-30,5625.88,6401.6,6039.62,6453.35,5059.29
2011-10-07,5613.2,6558.51,6088.02,6509.64,5100.21
2011-10-14,5579.53,6828.9,6149.29,6578.26,5238.07
2011-10-21,5573.8,6847.77,6149.23,6574.94,5241.3
2011-10-28,5554.35,7030.69,6194.93,6629.33,5374.2
2011-11-04,5604.34,6897.09,6183.75,6631.22,5323.27
2011-11-11,5586.81,6945.95,6193.56,6641.25,5328.6
2011-11-18,5595.65,6803.42,6173.42,6627.86,5272.08
2011-11-25,5591.68,6634.08,6148.75,6610.58,5209.26
2011-12-02,5617.22,7055.76,6285.67,6803.68,5406.39
2011-12-09,5611.06,7088.8,6288.79,6807.14,5398.48
2011-12-16,5640.48,6936.61,6275.72,6793.66,5337.6
2011-12-23,5621.23,7182.61,6333.08,6883.41,5466.07
2011-12-30,5640.28,7160.04,6349.94,6916.65,5489.19
2012-01-06,5643.48,7349.89,6449.43,7021.2,5556.51
2012-01-13,5678.72,7469.86,6547.23,7127.59,5618.93
2012-01-20,5653.51,7513.42,6497.42,7072.7,5614.02
2012-01-27,5682.95,7427.88,6458.45,7030.56,5644.1
2012-02-03,5708.77,7544.82,6498.3,7073.46,5687.03
2012-02-10,5697.75,7567.59,6520.54,7097.68,5679.19
2012-02-17,5700.05,7643.77,6540.49,7119.04,5721.61
2012-02-24,5684.38,7649.54,6542.22,7120.89,5753.9
2012-03-02,5669.76,7691.63,6572.17,7153.44,5741.31
2012-03-09,5718.67,7784.23,6638.03,7225.0,5791.06
2012-03-16,5723.74,7886.58,6616.24,7200.43,5799.8
2012-03-23,5686.91,7840.63,6598.86,7181.68,5761.24
2012-03-30,5646.08,7829.35,6575.81,7156.5,5718.57
2012-04-06,5659.15,7865.96,6634.32,7220.39,5730.81
2012-04-13,5613.75,7708.6,6586.0,7168.49,5681.78
2012-04-20,5574.25,7621.6,6501.51,7076.46,5641.54
2012-04-27,5598.06,7688.08,6521.2,7097.59,5666.47
2012-05-04,5531.1,7555.22,6481.25,7054.7,5594.31
2012-05-11,5511.98,7513.0,6482.58,7056.44,5572.37
2012-05-18,5395.46,7308.25,6437.59,7008.51,5450.38
2012-05-25,5484.58,7511.67,6565.56,7147.41,5540.56
2012-06-01,5457.34,7424.51,6631.41,7220.13,5511.8
2012-06-08,5509.45,7358.93,6700.88,7294.71,5615.61
2012-06-15,5475.59,7276.86,6659.41,7249.41,5563.32
2012-06-22,5484.13,7314.43,6672.74,7263.86,5564.76
2012-06-29,5532.23,7275.75,6715.87,7310.43,5681.57
2012-07-06,5605.69,7231.06,6811.69,7415.0,5778.95
2012-07-13,5599.23,7199.09,6788.33,7389.63,5787.15
2012-07-20,5585.12,7215.71,6798.34,7400.48,5811.85
2012-07-27,5576.78,7280.39,6797.86,7399.47,5803.55
2012-08-03,5616.58,7360.7,6857.34,7464.09,5877.17
2012-08-10,5585.25,7415.48,6870.62,7478.24,5876.53
2012-08-17,5592.45,7484.09,6877.71,7485.51,5912.09
2012-08-24,5570.73,7392.81,6833.48,7437.7,5868.32
2012-08-31,5577.85,7352.92,6829.28,7433.39,5870.2
2012-09-07,5602.48,7448.28,6838.85,7443.17,5892.38
2012-09-14,5612.61,7498.51,6802.29,7402.73,5907.6
2012-09-21,5529.54,7463.52,6804.35,7405.25,5808.36
2012-09-28,5491.63,7392.28,6793.69,7394.09,5770.14
2012-10-05,5535.29,7519.36,6855.56,7460.97,5812.9
2012-10-12,5515.45,7380.92,6798.58,7399.53,5796.25
2012-10-19,5557.17,7434.32,6818.07,7420.5,5835.39
2012-10-26,5446.32,7288.56,6724.27,7318.75,5712.82
2012-11-02,5497.49,7337.35,6772.84,7371.63,5754.14
2012-11-09,5474.79,7217.41,6752.17,7349.85,5751.04
2012-11-16,5425.69,7128.32,6709.46,7303.69,5700.27
2012-11-23,5497.42,7321.91,6775.05,7374.17,5784.76
2012-11-30,5531.01,7366.7,6819.18,7422.21,5819.75
2012-12-07,5553.92,7372.92,6818.03,7420.91,5819.2
2012-12-14,5506.38,7297.38,6740.68,7336.67,5764.92
2012-12-21,5569.5,7382.89,6778.13,7377.09,5833.45
2012-12-28,5535.13,7236.45,6709.3,7302.73,5803.16
2013-01-04,5666.52,7503.11,6906.44,7507.92,5929.84
2013-01-11,5674.23,7519.83,6906.9,7508.36,5940.39
2013-01-18,5792.43,7661.83,7066.15,7679.54,6092.4
2013-01-25,5857.63,7755.98,7135.66,7750.38,6164.52
2013-02-01,5891.05,7839.83,7200.17,7817.42,6238.72
2013-02-08,5839.86,7796.01,7183.22,7799.74,6191.92
2013-02-15,5937.47,7956.86,7319.27,7946.12,6305.71
2013-02-22,6027.06,8127.62,7491.06,8133.61,6421.6
2013-03-01,6033.18,8207.68,7585.97,8238.36,6446.67
2013-03-08,6150.96,8450.7,7707.41,8360.84,6549.98
2013-03-15,6123.15,8404.82,7662.49,8311.92,6514.68
2013-03-22,6046.98,8326.73,7611.12,8258.08,6436.86
2013-03-29,6097.32,8398.28,7671.17,8322.64,6495.13
2013-04-05,6061.72,8246.53,7588.96,8238.67,6416.57
2013-04-12,6162.44,8434.11,7697.22,8350.25,6493.61
2013-04-19,6141.63,8319.22,7652.86,8307.66,6455.29
2013-04-26,6128.47,8335.8,7627.4,8276.43,6452.22
2013-05-03,6179.6,8442.18,7656.86,8302.25,6505.21
2013-05-10,6280.21,8667.69,7806.01,8458.67,6619.14
2013-05-17,6416.52,8969.31,8007.3,8670.0,6765.01
2013-05-24,6317.36,8908.93,7967.56,8628.35,6660.96
2013-05-31,6146.9,8751.81,7833.67,8484.2,6476.46
2013-06-07,6055.73,8632.84,7687.97,8331.1,6375.77
2013-06-14,5979.86,8466.92,7583.06,8214.55,6290.26
2013-06-21,5915.21,8451.05,7534.51,8164.24,6195.08
2013-06-28,6047.91,8617.66,7678.37,8320.44,6359.78
2013-07-05,6181.19,8972.97,7844.91,8547.1,6557.03
2013-07-12,6252.44,9083.12,7889.36,8608.99,6640.81
2013-07-19,6265.49,9079.73,7883.36,8601.44,6652.04
2013-07-26,6212.96,9007.24,7818.88,8517.72,6549.59
2013-08-02,6197.04,9156.55,7880.01,8619.7,6580.06
2013-08-09,6105.65,8947.92,7740.94,8461.21,6479.54
2013-08-16,5967.06,8696.79,7528.85,8227.17,6320.11
2013-08-23,6017.19,8770.37,7577.33,8282.52,6370.95
2013-08-30,5946.46,8647.45,7535.31,8227.79,6313.15
2013-09-06,5971.44,8702.23,7506.57,8206.22,6329.55
2013-09-13,5964.01,8738.2,7490.1,8194.39,6318.09
2013-09-20,5954.96,8775.87,7526.74,8234.16,6334.93
2013-09-27,5891.69,8618.05,7449.43,8141.28,6252.95
2013-10-04,5879.5,8684.89,7506.9,8204.56,6276.18
2013-10-11,5913.54,8783.69,7560.57,8267.81,6367.34
2013-10-18,5946.94,8879.37,7592.67,8309.82,6397.0
2013-10-25,5968.55,8959.84,7657.01,8381.3,6420.13
2013-11-01,5989.54,9108.18,7751.03,8489.29,6438.41
2013-11-08,5918.04,9108.99,7708.54,8448.24,6326.76
2013-11-15,5950.36,9195.63,7755.19,8503.3,6370.15
2013-11-22,5905.42,9172.75,7717.81,8464.5,6318.02
2013-11-29,5866.67,9102.59,7656.77,8397.38,6255.34
2013-12-06,5842.34,9111.06,7639.39,8381.52,6258.87
2013-12-13,5803.32,8995.04,7589.15,8319.63,6182.25
2013-12-20,5860.67,9200.18,7681.19,8432.18,6279.04
2013-12-27,5883.98,9230.17,7645.49,8401.04,6273.19
2014-01-03,5869.84,9218.99,7655.37,8405.63,6226.61
2014-01-10,5874.44,9246.06,7688.12,8437.75,6246.68
2014-01-17,5887.57,9253.87,7712.68,8465.88,6277.99
2014-01-24,5821.48,8981.36,7582.63,8326.55,6213.69
2014-01-31,5792.1,8969.59,7602.31,8349.85,6221.14
2014-02-07,5837.96,9060.58,7652.74,8404.49,6310.52
2014-02-14,5820.06,9095.06,7604.91,8347.63,6275.39
2014-02-21,5873.74,9159.29,7662.46,8411.64,6360.57
2014-02-28,5886.33,9208.45,7681.57,8431.72,6362.77
2014-03-07,5873.53,9322.06,7714.56,8465.22,6376.56
2014-03-14,5821.67,9180.32,7688.41,8440.83,6329.56
2014-03-21,5877.18,9388.59,7797.34,8558.36,6387.99
2014-03-28,5873.25,9267.25,7713.25,8465.98,6379.0
2014-04-04,5925.47,9348.3,7766.85,8524.71,6432.33
2014-04-11,5825.31,9017.79,7599.14,8344.16,6331.9
2014-04-18,5891.08,9226.25,7672.5,8420.48,6401.41
2014-04-25,5887.04,9217.11,7675.69,8424.55,6396.13
2014-05-02,5914.26,9265.19,7706.06,8457.74,6420.07
2014-05-09,5929.83,9273.19,7719.22,8472.65,6436.33
2014-05-16,5974.1,9295.89,7757.74,8516.34,6486.56
2014-05-23,5987.04,9401.74,7812.34,8575.19,6500.92
2014-05-30,6044.47,9560.56,7917.88,8690.86,6556.61
2014-06-06,6072.07,9665.16,7933.74,8704.87,6582.45
2014-06-13,5989.44,9510.89,7827.33,8588.01,6500.58
2014-06-20,6039.82,9619.29,7873.96,8637.52,6555.08
2014-06-27,6023.63,9601.04,7880.94,8646.37,6538.98
2014-07-04,5983.66,9649.83,7860.9,8621.11,6486.34
2014-07-11,5951.73,9600.42,7875.71,8640.34,6453.08
2014-07-18,5993.41,9665.12,7917.91,8686.53,6496.79
2014-07-25,6030.98,9728.6,7972.91,8747.62,6538.15
2014-08-01,5958.25,9558.98,7909.62,8681.35,6462.84
2014-08-08,5968.3,9622.22,7966.65,8744.8,6480.85
2014-08-15,6058.62,9793.8,8091.1,8881.85,6562.8
2014-08-22,6129.12,10040.07,8223.46,9024.94,6637.41
2014-08-29,6148.38,10099.45,8263.09,9068.39,6674.65
2014-09-05,6247.77,10287.6,8384.24,9200.93,6776.52
2014-09-12,6147.77,10222.5,8328.59,9139.16,6638.67
2014-09-19,6155.78,10338.72,8390.81,9206.4,6641.13
2014-09-26,6115.81,10218.99,8349.42,9163.44,6605.24
2014-10-03,6149.53,10323.36,8478.73,9308.93,6642.92
2014-10-10,6123.7,9945.32,8307.15,9125.88,6529.61
2014-10-17,6134.98,9825.77,8265.15,9082.2,6519.12
2014-10-24,6225.75,10243.32,8463.71,9294.86,6644.33
2014-10-31,6311.86,10577.63,8635.76,9480.27,6791.44
2014-11-07,6357.35,10749.56,8758.21,9614.99,6821.8
2014-11-14,6405.35,10935.26,8891.78,9762.01,6889.6
2014-11-21,6439.21,11072.68,8967.57,9844.1,6943.86
2014-11-28,6484.35,11113.23,9021.71,9905.14,6919.27
2014-12-05,6497.21,11203.84,9053.96,9938.74,6913.67
2014-12-12,6437.91,10723.38,8837.99,9708.53,6706.47
2014-12-19,6520.88,11149.08,9049.69,9936.07,6834.85
2014-12-26,6564.8,11301.91,9121.46,10012.86,6868.56
2015-01-02,6624.47,11305.0,9207.55,10109.83,6894.65
2015-01-09,6737.57,11365.12,9321.82,10236.46,6948.24
2015-01-16,6778.16,11228.23,9289.55,10207.31,6998.65
2015-01-23,6860.51,11532.07,9485.94,10420.53,7075.4
2015-01-30,6791.03,11170.84,9328.0,10256.96,7032.22
2015-02-06,6725.59,11377.52,9312.05,10223.99,7033.41
2015-02-13,6698.85,11490.95,9313.11,10217.56,7033.49
2015-02-20,6695.2,11575.1,9338.77,10242.42,7027.79
2015-02-27,6667.22,11509.29,9327.96,10234.01,7007.23
2015-03-06,6675.02,11640.44,9421.64,10336.65,7036.92
2015-03-13,6812.17,11774.62,9592.27,10530.7,7120.46
2015-03-20,6940.03,11927.41,9679.86,10624.63,7238.79
2015-03-27,6867.48,11715.6,9581.5,10521.88,7190.96
2015-04-03,6919.26,11796.02,9650.42,10598.48,7252.79
2015-04-10,6996.66,12161.23,9872.25,10837.84,7373.98
2015-04-17,6842.49,11779.34,9629.11,10574.23,7254.9
2015-04-24,6821.8,11807.97,9579.1,10512.76,7221.79
2015-05-01,6756.68,11788.73,9525.03,10449.69,7195.56
2015-05-08,6663.53,11599.57,9357.04,10262.52,7069.97
2015-05-15,6598.69,11444.61,9220.74,10110.74,6997.39
2015-05-22,6653.44,11651.65,9359.43,10261.84,7043.88
2015-05-29,6677.19,11698.5,9450.07,10366.56,7071.33
2015-06-05,6648.74,11639.93,9350.05,10251.46,6967.18
2015-06-12,6587.49,11435.46,9188.92,10073.48,6868.67
2015-06-19,6526.53,11283.86,9081.48,9955.84,6752.59
2015-06-26,6553.83,11347.87,9091.95,9963.96,6781.9
2015-07-03,6535.4,11308.56,9122.55,10003.06,6786.76
2015-07-10,6558.13,11379.63,9175.9,10061.76,6810.78
2015-07-17,6599.67,11595.62,9282.54,10174.09,6816.27
2015-07-24,6554.51,11413.5,9231.13,10125.22,6738.44
2015-07-31,6571.71,11474.52,9260.17,10155.66,6723.7
2015-08-07,6576.9,11431.55,9271.38,10171.91,6721.94
2015-08-14,6531.15,11394.8,9213.02,10104.92,6655.59
2015-08-21,6371.62,10732.44,8908.59,9787.34,6409.79
2015-08-28,6455.97,11024.1,9088.22,9981.44,6558.11
2015-09-04,6368.23,10809.9,9004.37,9947.56,6485.77
2015-09-11,6368.23,10857.3,8971.13,9889.53,6463.0
2015-09-18,6368.23,10764.04,8936.32,9832.9,6427.03
2015-09-25,6368.23,10876.45,9023.34,9977.96,6535.3
2015-10-02,6366.61,10857.92,9101.95,10100.91,6604.16
2015-10-09,6346.15,10719.29,9157.76,10170.01,6736.29
2015-10-16,6342.86,10673.93,9155.81,10166.81,6687.35
2015-10-23,6347.09,10764.89,9304.11,10361.84,6761.35
2015-10-30,6332.97,10654.57,9242.73,10278.72,6688.33
2015-11-06,6345.05,10831.3,9461.12,10541.14,6783.86
2015-11-13,6231.56,10319.53,9162.85,10201.2,6528.31
2015-11-20,6329.07,10697.07,9377.49,10446.11,6674.84
2015-11-27,6385.2,10819.24,9494.51,10577.05,6762.08
2015-12-04,6348.77,10770.15,9435.37,10511.26,6693.15
2015-12-11,6263.62,10292.73,9197.86,10238.44,6449.18
2015-12-18,6356.88,10487.34,9365.23,10426.33,6588.74
2015-12-25,6407.32,10770.27,9498.01,10579.35,6700.72
2016-01-01,6440.14,10798.62,9543.13,10629.27,6744.59
2016-01-08,6370.68,10327.17,9414.97,10475.48,6579.73
2016-01-15,6357.74,10288.65,9499.03,10565.67,6527.5
2016-01-22,6387.86,10430.49,9566.35,10643.2,6626.31
2016-01-29,6422.71,10623.03,9720.92,10817.12,6753.86
2016-02-05,6357.55,10524.49,9438.64,10470.35,6492.85
2016-02-12,6312.89,10563.18,9427.66,10456.75,6374.61
2016-02-19,6381.46,10641.52,9600.75,10702.58,6559.91
2016-02-26,6502.06,11060.17,9950.64,11205.97,6879.53
2016-03-04,6471.89,10751.4,9828.74,11056.32,6902.78
2016-03-11,6458.3,10643.16,9775.16,10986.79,6925.63
2016-03-18,6483.11,10650.34,9819.55,11042.63,6963.45
2016-03-25,6520.56,10882.41,9977.7,11243.46,7030.88
2016-04-01,6562.65,10877.46,10063.93,11355.89,7045.74
2016-04-08,6575.07,10904.68,10083.66,11386.33,7116.66
2016-04-15,6573.54,11018.74,10117.7,11419.51,7170.42
2016-04-22,6482.97,10920.19,9974.56,11243.77,7102.71
2016-04-29,6423.22,10638.93,9789.4,11031.07,7019.47
2016-05-06,6538.11,10745.56,9920.73,11179.1,7114.46
2016-05-13,6534.87,10740.93,9952.66,11215.41,7148.68
2016-05-20,6447.92,10675.01,9831.88,11078.68,7056.62
2016-05-27,6471.58,10833.43,9887.49,11140.65,7109.99
2016-06-03,6519.57,10908.92,10008.51,11277.58,7201.95
2016-06-10,6627.68,11098.59,10208.3,11503.14,7323.37
2016-06-17,6546.78,10879.63,10062.37,11339.01,7232.23
2016-06-24,6796.27,11249.8,10495.95,11828.85,7509.89
2016-07-01,7213.76,11970.31,11067.06,12472.26,7975.64
2016-07-08,7321.44,12414.32,11449.71,12903.64,8118.58
2016-07-15,7235.57,12394.11,11289.0,12721.17,8043.72
2016-07-22,7258.64,12532.25,11394.71,12840.22,8078.6
2016-07-29,7185.65,12411.33,11323.84,12760.63,8009.66
2016-08-05,7175.6,12621.84,11454.37,12907.33,8067.7
2016-08-12,7280.27,12788.38,11620.59,13094.92,8239.48
2016-08-19,7167.36,12636.14,11459.22,12912.74,8162.77
2016-08-26,7110.98,12510.05,11353.34,12793.39,8059.08
2016-09-02,7100.11,12422.04,11259.17,12687.06,7963.61
2016-09-09,6988.55,12160.06,11102.6,12511.17,7872.82
2016-09-16,7078.29,12471.73,11368.11,12810.47,7978.0
2016-09-23,7230.88,12658.25,11506.3,12966.06,8159.93
2016-09-30,7194.32,12666.89,11517.82,12979.08,8171.35
2016-10-07,7374.66,13139.75,11932.31,13446.44,8419.9
2016-10-14,7503.27,13279.83,12083.88,13617.59,8567.42
2016-10-21,7515.35,13289.41,12096.21,13631.53,8580.05
2016-10-28,7428.96,13246.02,12055.33,13585.41,8484.03
2016-11-04,7157.06,12660.99,11634.88,13112.15,8082.03
2016-11-11,7180.96,13052.14,11682.97,13163.77,8030.63
2016-11-18,7286.13,13442.05,11928.54,13439.8,8211.11
2016-11-25,7304.28,13488.49,11896.98,13403.58,8222.09
2016-12-02,7272.96,13104.58,11590.34,13058.1,8109.54
2016-12-09,7362.53,13680.76,11942.06,13453.32,8392.25
2016-12-16,7384.23,13761.99,11975.95,13491.2,8409.19
2016-12-23,7433.19,14045.21,12231.81,13779.76,8565.5
2016-12-30,7428.78,13854.21,12143.76,13681.18,8592.37
2017-01-06,7472.6,14130.39,12325.29,13878.63,8711.75
2017-01-13,7518.3,14219.48,12419.43,13985.94,8759.57
2017-01-20,7442.63,13995.27,12204.14,13742.45,8620.76
2017-01-27,7405.7,13938.43,12106.96,13628.43,8508.43
2017-02-03,7447.26,14037.85,12197.24,13730.04,8591.33
2017-02-10,7463.11,14156.61,12277.22,13817.21,8634.37
2017-02-17,7506.61,14464.98,12475.17,14031.65,8701.74
2017-02-24,7495.35,14509.34,12520.11,14082.7,8722.38
2017-03-03,7550.2,14803.4,12684.51,14257.27,8804.79
2017-03-10,7479.29,14916.65,12770.47,14352.29,8719.41
2017-03-17,7443.88,14664.51,12578.48,14139.98,8658.66
2017-03-24,7370.85,14380.75,12424.59,13977.35,8573.65
2017-03-31,7394.53,14402.97,12413.19,13961.31,8595.77
2017-04-07,7424.29,14581.58,12585.59,14156.38,8749.44
2017-04-14,7366.17,14263.54,12416.53,13978.3,8682.82
2017-04-21,7315.48,14053.77,12192.44,13722.68,8446.27
2017-04-28,7347.81,14101.83,12156.86,13674.56,8372.73
2017-05-05,7394.04,14164.4,12163.37,13676.77,8359.78
2017-05-12,7402.23,14218.18,12230.98,13754.77,8411.0
2017-05-19,7384.34,14026.56,12112.21,13626.73,8413.92
2017-05-26,7461.33,14474.63,12436.34,13983.09,8571.52
2017-06-02,7487.88,14471.49,12470.26,14019.57,8556.7
2017-06-09,7510.14,14521.28,12573.54,14135.34,8595.31
2017-06-16,7506.17,14487.3,12566.32,14128.46,8585.81
2017-06-23,7529.43,14543.87,12648.73,14220.19,8587.78
2017-06-30,7393.8,14220.15,12259.34,13781.42,8415.9
2017-07-07,7388.04,14306.29,12370.51,13902.3,8429.09
2017-07-14,7377.41,14493.33,12313.77,13834.97,8430.69
2017-07-21,7460.82,14665.24,12482.73,14024.81,8524.25
2017-07-28,7403.59,14557.3,12338.3,13861.66,8503.22
2017-08-04,7468.86,14785.21,12456.39,13994.22,8580.79
2017-08-11,7399.08,14490.17,12399.59,13939.57,8493.32
2017-08-18,7463.3,14729.28,12488.3,14041.78,8577.5
2017-08-25,7518.82,14929.36,12554.03,14112.86,8630.97
2017-09-01,7522.47,14924.17,12596.36,14154.42,8656.48
2017-09-08,7433.58,14729.9,12359.61,13895.53,8528.61
2017-09-15,7285.53,14423.16,12081.62,13573.1,8343.56
2017-09-22,7291.88,14571.72,12141.33,13636.46,8371.41
2017-09-29,7356.38,14648.61,12274.18,13779.84,8456.96
2017-10-06,7533.77,15069.01,12660.85,14222.44,8664.22
2017-10-13,7512.23,15090.82,12508.08,14050.04,8641.08
2017-10-20,7546.04,15123.99,12628.61,14189.39,8678.55
2017-10-27,7586.42,15167.84,12692.14,14261.7,8724.34
2017-11-03,7688.24,15352.66,12796.8,14377.98,8842.3
2017-11-10,7646.53,15151.28,12654.03,14219.03,8795.64
2017-11-17,7608.05,15093.49,12636.06,14197.76,8750.86
2017-11-24,7612.84,15230.58,12599.44,14159.08,8756.64
2017-12-01,7532.31,14903.49,12582.1,14144.29,8666.38
2017-12-08,7544.51,14993.85,12700.28,14277.9,8690.28
2017-12-15,7609.44,15097.61,12839.84,14436.21,8775.8
2017-12-22,7608.5,15278.42,12781.83,14374.53,8754.29
2017-12-29,7603.28,15221.38,12658.78,14234.54,8741.61
2018-01-05,7637.88,15613.52,12764.08,14339.72,8747.24
2018-01-12,7614.87,15635.94,12722.4,14286.67,8687.69
2018-01-19,7585.94,15660.94,12651.65,14202.56,8626.74
2018-01-26,7569.2,15626.2,12550.23,14082.51,8572.24
2018-02-02,7382.88,15024.38,12210.67,13708.14,8353.02
2018-02-09,7212.79,14522.67,12066.97,13560.58,8169.8
2018-02-16,7324.01,14947.72,12207.03,13705.79,8265.25
2018-02-23,7381.21,15043.07,12315.98,13826.99,8340.29
2018-03-02,7329.51,14796.9,12296.38,13822.22,8290.92
2018-03-09,7408.89,15067.46,12434.88,14065.47,8407.09
2018-03-16,7350.43,14879.3,12336.2,13893.06,8350.69
2018-03-23,7159.49,14143.05,11954.13,13226.17,8042.6
2018-03-30,7262.19,14609.62,12121.61,13517.15,8244.27
2018-04-06,7182.17,14405.67,12015.91,13338.59,8132.72
2018-04-13,7271.38,14492.66,12022.68,13347.47,8184.73
2018-04-20,7379.53,14763.58,12191.92,13559.93,8328.02
2018-04-27,7453.32,14999.29,12367.08,13779.55,8508.54
2018-05-04,7559.8,15215.27,12572.96,14032.85,8710.92
2018-05-11,7632.42,15405.56,12741.38,14223.14,8804.32
2018-05-18,7655.86,15322.86,12733.84,14213.94,8787.41
2018-05-25,7675.77,15360.59,12960.5,14483.99,8909.93
2018-06-01,7636.5,15244.05,12965.18,14492.5,8897.83
2018-06-08,7664.99,15377.67,13028.04,14565.97,8920.49
2018-06-15,7658.57,15529.44,13159.42,14712.72,8934.67
2018-06-22,7720.1,15426.71,13131.6,14679.65,8995.91
2018-06-29,7772.8,15288.36,13100.16,14641.65,9055.96
2018-07-06,7782.22,15433.21,13159.26,14709.82,9065.1
2018-07-13,7771.14,15728.25,13330.99,14904.38,9068.79
2018-07-20,7769.08,15850.3,13412.45,14996.16,9092.22
2018-07-27,7806.67,15983.54,13468.77,15060.99,9154.47
2018-08-03,7906.88,16237.25,13648.93,15263.51,9277.39
2018-08-10,7946.33,16498.17,13911.66,15555.78,9363.43
2018-08-17,7994.32,16644.55,14004.92,15661.03,9421.38
2018-08-24,8005.1,16656.54,13988.98,15644.09,9428.38
2018-08-31,7999.85,16681.44,13942.47,15594.36,9402.98
2018-09-07,7926.61,16570.04,13874.18,15517.17,9296.68
2018-09-14,7878.32,16564.86,13788.75,15424.38,9256.57
2018-09-21,7909.41,16699.12,13828.95,15471.76,9340.88
2018-09-28,7949.62,16683.32,13847.79,15491.75,9378.6
2018-10-05,7864.36,16407.49,13606.27,15222.07,9209.92
2018-10-12,7681.18,15690.1,13255.09,14820.99,8938.6
2018-10-19,7743.23,15805.73,13338.07,14914.24,9022.5
2018-10-26,7721.07,15468.09,13318.46,14883.44,9018.92
2018-11-02,7662.25,15682.83,13322.22,14892.92,8951.77
2018-11-09,7712.61,16009.21,13455.39,15090.16,9004.29
2018-11-16,7734.74,15952.84,13519.87,15177.22,9060.71
2018-11-23,7720.68,15366.99,13303.51,14854.59,8841.27
2018-11-30,7769.25,16165.85,13657.2,15375.76,9054.94
2018-12-07,7706.93,15491.72,13396.42,15069.15,8992.43
2018-12-14,7705.64,15477.81,13426.39,15111.24,8977.99
2018-12-21,7500.06,14329.17,12926.12,14468.01,8523.78
2018-12-28,7522.53,14677.97,13087.89,14676.98,8563.82
2019-01-04,7521.81,14896.36,13215.69,14832.11,8661.8
2019-01-11,7504.98,14747.88,13264.25,14922.06,8807.06
2019-01-18,7489.87,14680.25,13360.45,15100.25,8928.24
2019-01-25,7457.43,14358.46,13157.0,14723.54,8721.67
2019-02-01,7474.68,14567.23,13315.3,15032.73,8928.29
2019-02-08,7536.35,14770.51,13493.21,15233.45,9011.72
2019-02-15,7564.13,14826.61,13746.04,15526.41,9224.58
2019-02-22,7528.31,14655.41,13635.53,15402.37,9157.57
2019-03-01,7451.82,14400.72,13470.91,15218.83,8995.49
2019-03-08,7507.0,14328.07,13554.1,15305.22,9081.24
2019-03-15,7492.35,14440.15,13523.81,15277.12,9076.59
2019-03-22,7535.91,14424.5,13610.8,15371.05,9131.83
2019-03-29,7640.49,14787.46,13909.83,15711.9,9331.36
2019-04-05,7691.52,15097.01,14048.56,15876.13,9479.97
2019-04-12,7682.79,15135.63,14031.09,15858.81,9483.49
2019-04-19,7681.61,15226.97,14121.83,15961.43,9485.37
2019-04-26,7758.84,15485.47,14329.86,16198.82,9565.74
2019-05-03,7626.15,15217.02,14057.11,15890.61,9397.14
2019-05-10,7640.21,15112.59,14102.7,15935.69,9408.82
2019-05-17,7839.83,15323.61,14376.58,16242.64,9654.56
2019-05-24,7793.08,15168.88,14324.0,16178.78,9591.67
2019-05-31,7699.53,14867.78,14270.65,16107.76,9464.64
2019-06-07,7689.72,15396.51,14552.39,16436.98,9594.37
2019-06-14,7741.8,15657.65,14772.74,16687.88,9720.89
2019-06-21,7716.02,15804.36,14801.2,16725.17,9782.5
2019-06-28,7697.79,15804.73,14846.33,16774.26,9786.92
2019-07-05,7818.43,16314.37,15205.61,17186.97,10018.37
2019-07-12,7783.66,16367.91,15184.21,17166.01,10034.61
2019-07-19,7765.34,16270.41,15191.0,17169.19,9942.12
2019-07-26,7867.35,16695.91,15484.02,17506.22,10084.2
2019-08-02,7939.91,16474.42,15570.53,17590.74,10154.87
2019-08-09,8032.55,16604.62,15770.0,17813.28,10266.71
2019-08-16,7939.01,16284.85,15605.89,17621.0,10139.0
2019-08-23,7805.32,15884.45,15315.19,17287.59,9963.56
2019-08-30,8008.19,16468.45,15726.27,17759.85,10229.65
2019-09-06,8000.8,16602.28,15718.73,17750.93,10253.96
2019-09-13,7855.87,16485.51,15449.26,17387.44,10049.45
2019-09-20,7912.92,16447.23,15508.19,17465.38,10184.04
2019-09-27,7994.77,16527.96,15636.49,17639.07,10266.49
2019-10-04,7980.36,16416.76,15642.11,17638.3,10195.66
2019-10-11,7819.79,16116.71,15213.5,17159.23,10001.44
2019-10-18,7708.06,15800.17,14882.91,16786.05,9804.04
2019-10-25,7804.08,16174.36,15145.6,17087.88,9993.98
2019-11-01,7806.88,16275.34,15190.68,17141.26,9986.33
2019-11-08,7823.07,16629.32,15368.14,17349.53,10048.39
2019-11-15,7812.23,16611.47,15347.24,17326.03,10011.92
2019-11-22,7826.82,16666.43,15441.15,17430.53,10035.65
2019-11-29,7822.71,16711.61,15413.51,17402.42,9977.51
2019-12-06,7725.56,16483.27,15169.58,17127.29,9884.87
2019-12-13,7620.59,16365.17,15026.17,16966.23,9746.8
2019-12-20,7846.74,17051.98,15530.69,17544.54,10115.09
2019-12-27,7839.34,17051.38,15513.67,17526.01,10123.25
2020-01-03,7859.53,17023.3,15536.36,17548.3,10133.34
2020-01-10,7853.27,17232.05,15656.68,17681.34,10112.44
2020-01-17,7970.59,17621.97,15903.65,17953.79,10256.87
2020-01-24,7865.27,17372.28,15792.18,17835.34,10104.96
2020-01-31,7648.91,16834.53,15507.0,17526.11,9815.96
2020-02-07,7906.15,17806.03,16177.19,18270.74,10181.54
2020-02-14,7928.32,17868.13,16140.42,18222.82,10221.38
2020-02-21,7948.42,17774.38,16177.3,18272.82,10273.33
2020-02-28,7511.54,15979.49,15372.04,17416.6,9565.7
2020-03-06,7694.82,15765.12,15426.46,17356.77,9459.23
2020-03-13,7758.59,15170.39,15336.67,17250.23,9058.69
2020-03-20,7897.32,13735.91,15079.48,16930.36,8446.82
2020-03-27,7789.65,14171.56,14980.91,16753.94,8485.07
2020-04-03,7835.95,13829.75,14949.89,16896.33,8483.42
2020-04-10,7790.66,13881.67,15114.67,17611.35,8971.11
2020-04-17,7796.25,13832.51,15172.7,17891.43,8881.07
2020-04-24,7824.48,14004.28,15186.89,17995.2,8741.77
2020-05-01,7799.48,13828.17,15140.41,17781.25,8682.15
2020-05-08,7809.53,13872.2,15307.46,18223.99,8960.94
2020-05-15,7863.5,14283.12,15392.32,18480.9,8954.82
2020-05-22,7851.9,14257.12,15480.14,18702.62,9193.72
2020-05-29,7824.98,14079.31,15505.51,18751.24,9329.59
2020-06-05,7782.13,14092.25,15510.47,18661.4,9520.96
2020-06-12,7774.53,13572.29,15344.97,18439.22,9332.7
2020-06-19,7852.75,14044.65,15672.87,18935.75,9566.51
2020-06-26,7823.97,13666.18,15495.62,18679.39,9392.14
2020-07-03,7841.4,14070.97,15632.03,18897.85,9568.78
2020-07-10,7826.91,14136.78,15617.99,18861.05,9484.36
2020-07-17,7861.51,14382.61,15739.12,19093.94,9595.3
2020-07-24,7803.97,14091.85,15563.32,18749.1,9428.1
2020-07-31,7762.17,14019.9,15465.91,18548.76,9291.24
2020-08-07,7809.93,14403.19,15687.79,18853.04,9452.15
2020-08-14,7817.94,14460.11,15652.48,18806.35,9441.44
2020-08-21,7830.01,14572.91,15760.97,18936.3,9456.73
2020-08-28,7795.72,14754.72,15723.95,18881.59,9422.07
2020-09-04,7767.73,14494.7,15594.11,18731.94,9327.72
2020-09-11,7926.31,14668.93,15963.12,19183.81,9572.87
2020-09-18,7874.29,14439.93,15738.36,18914.37,9526.38
2020-09-25,7887.24,14552.06,15915.85,19130.38,9509.47
2020-10-02,7851.04,14556.02,15848.61,18995.98,9470.9
2020-10-09,7899.24,14997.45,15983.92,19229.3,9622.13
2020-10-16,7931.7,15170.42,16112.79,19455.57,9649.25
2020-10-23,7869.69,14955.52,15944.25,19159.47,9512.93
2020-10-30,7728.94,14224.16,15639.19,18629.13,9189.4
2020-11-06,7880.47,15019.96,15981.66,19159.07,9455.59
2020-11-13,7965.89,15309.54,16098.7,19324.56,9725.35
2020-11-20,7950.13,15082.69,15961.69,19129.0,9693.28
2020-11-27,8007.86,15409.26,16127.83,19365.3,9821.73
2020-12-04,8019.03,15527.46,16097.63,19323.41,9809.89
2020-12-11,8082.68,15624.85,16299.85,19566.03,9922.99
2020-12-18,8049.12,15464.28,16036.97,19248.57,9815.83
2020-12-25,8030.36,15443.89,16029.78,19238.93,9798.28
2021-01-01,8038.2,15488.78,16001.61,19208.66,9788.97
2021-01-08,8228.27,15924.02,16227.28,19483.32,9971.85
2021-01-15,8196.68,15668.23,16073.74,19292.4,9934.84
2021-01-22,8195.84,15849.69,16145.17,19382.11,9926.7
2021-01-29,8075.29,15300.84,15808.53,18963.68,9775.98
2021-02-05,8324.02,15989.98,16173.73,19418.97,10060.67
2021-02-12,8401.98,16051.59,16156.0,19398.23,10134.03
2021-02-19,8321.9,15776.95,15863.84,19037.99,9994.45
2021-02-26,8277.22,15472.71,15673.43,18801.4,9934.51
2021-03-05,8394.6,15699.87,15781.98,18937.04,10060.94
2021-03-12,8514.79,16039.92,15929.83,19122.24,10195.12
2021-03-19,8447.46,15967.13,15864.83,19041.93,10109.46
2021-03-26,8560.24,16322.39,16139.53,19382.05,10270.75
2021-04-02,8575.27,16459.88,16196.59,19453.61,10283.09
2021-04-09,8706.12,17064.68,16629.88,19990.72,10466.69
2021-04-16,8801.07,17134.76,16650.3,20016.63,10571.57
2021-04-23,8824.82,17063.92,16601.86,19956.53,10598.4
2021-04-30,8909.52,17164.92,16662.78,20032.29,10699.81
2021-05-07,8938.01,17144.31,16601.65,19962.63,10712.98
2021-05-14,8783.3,16790.38,16321.78,19621.65,10507.1
2021-05-21,8743.1,16659.89,16222.24,19500.08,10454.23
2021-05-28,8852.41,16828.91,16322.43,19624.88,10584.34
2021-06-04,8991.41,16923.12,16439.13,19766.22,10760.82
2021-06-11,9097.39,16984.53,16579.63,19933.95,10908.76
2021-06-18,9061.4,16891.87,16749.8,20130.95,10907.21
2021-06-25,9171.93,17134.56,16899.98,20325.72,11019.99
2021-07-02,9256.94,17083.86,17193.14,20682.14,11145.23
2021-07-09,9245.55,17039.87,17193.44,20681.88,11138.95
2021-07-16,9264.87,17040.15,17285.79,20786.84,11190.95
2021-07-23,9358.49,17394.8,17532.01,21090.82,11311.56
2021-07-30,9314.23,17147.55,17329.77,20844.14,11241.37
2021-08-06,9286.97,17344.02,17437.45,20979.9,11230.98
2021-08-13,9336.9,17484.48,17540.78,21106.9,11290.46
2021-08-20,9326.16,17694.42,17805.33,21421.84,11290.62
2021-08-27,9444.54,17791.53,17782.34,21402.34,11422.05
2021-09-03,9497.35,17772.87,17719.6,21329.77,11487.48
2021-09-10,9373.61,17505.99,17550.86,21119.82,11331.83
2021-09-17,9447.95,17535.51,17600.6,21178.36,11418.92
2021-09-24,9511.4,17709.17,17695.29,21297.8,11492.45
2021-10-01,9531.25,17489.77,17615.32,21191.97,11514.11
2021-10-08,9557.73,17545.77,17552.33,21124.21,11513.47
2021-10-15,9683.72,17693.63,17593.97,21181.61,11649.43
2021-10-22,9774.72,17967.0,17729.21,21353.93,11752.62
2021-10-29,9828.2,18308.38,18018.49,21705.93,11842.82
2021-11-05,10001.23,18934.61,18570.91,22376.37,12102.71
2021-11-12,10030.77,18996.8,18587.89,22399.91,12131.46
2021-11-19,9931.7,19014.96,18596.36,22410.78,12017.93
2021-11-26,9753.81,18769.74,18523.31,22311.04,11835.43
2021-12-03,9687.33,18684.25,18580.61,22370.33,11817.92
2021-12-10,9872.35,19344.77,18926.02,22807.88,12100.2
2021-12-17,9856.11,19012.72,18775.07,22613.7,12051.74
2021-12-24,9897.4,19206.69,18774.87,22626.7,12129.49
2021-12-31,9922.79,19216.56,18706.39,22549.56,12157.83
2022-01-07,9762.78,18773.47,18282.32,22051.0,11977.03
2022-01-14,9755.05,18595.29,18119.27,21854.38,11955.7
2022-01-21,9641.51,17692.6,17678.42,21322.77,11790.6
2022-01-28,9790.06,18059.83,17957.7,21659.55,11952.0
2022-02-04,9821.83,18156.48,17865.82,21541.8,11983.38
2022-02-11,9767.77,17786.21,17648.67,21256.85,11899.03
2022-02-18,9693.69,17489.95,17476.94,21031.28,11785.15
2022-02-25,9867.9,17872.33,17756.44,21392.17,12038.21
2022-03-04,10258.78,17878.1,17956.11,21692.82,12641.58
2022-03-11,10163.49,17639.66,17823.96,21461.85,12481.77
2022-03-18,10106.11,18522.07,18072.89,21869.07,12642.24
2022-03-25,10281.49,18857.34,18081.41,21863.41,12879.45
2022-04-01,10100.16,18962.4,18177.96,22036.59,12811.0
2022-04-08,10103.55,18852.06,18051.04,21807.13,12749.48
2022-04-15,10174.33,18382.68,17811.45,21390.8,12798.91
2022-04-22,10183.06,18220.71,17796.64,21373.6,12818.55
2022-04-29,10182.43,17993.71,17802.52,21399.15,12863.59
2022-05-06,10269.78,18304.21,17945.61,21645.86,13036.12
2022-05-13,10265.68,17989.7,17916.02,21610.93,12977.23
2022-05-20,10248.58,17131.02,17528.96,20944.77,12711.73
2022-05-27,10295.54,18054.84,17884.76,21548.5,13074.03
2022-06-03,10376.38,17979.08,17850.91,21498.95,13188.66
2022-06-10,10414.77,17960.46,17615.95,20997.03,12973.15
2022-06-17,10300.23,17921.02,17334.99,20388.52,12453.55
2022-06-24,10235.12,17985.98,17700.19,21168.3,12695.42
2022-07-01,10227.08,18525.65,17830.42,21405.29,12761.98
2022-07-08,10182.29,18406.6,17920.54,21583.55,12703.31
2022-07-15,10132.22,18855.58,18045.65,21887.39,12705.95
2022-07-22,10112.1,18836.83,18136.33,22086.36,12793.61
2022-07-29,10171.62,18688.18,18278.56,22385.96,13075.82
2022-08-05,10061.41,18646.62,18386.77,22510.11,12877.47
2022-08-12,10147.12,18619.61,18614.9,22830.15,13231.71
2022-08-19,10181.9,18898.24,18842.44,23159.51,13362.56
2022-08-26,10258.74,18964.08,18534.0,22724.66,13284.79
2022-09-02,10192.16,19148.53,18467.66,22623.6,13066.17
2022-09-09,10177.26,18915.45,18607.85,22882.15,13222.6
2022-09-16,10161.13,19008.42,18364.49,22460.76,12967.51
2022-09-23,10181.85,19670.9,18597.56,22817.14,13025.69
2022-09-30,10129.37,18943.29,17921.41,21710.99,12458.27
2022-10-07,10149.93,19022.57,18080.23,22024.22,12890.45
2022-10-14,10149.93,18651.12,17860.37,21576.61,12515.18
2022-10-21,10149.93,18264.82,17984.79,21795.97,12557.55
2022-10-28,10149.93,18048.24,18022.55,21860.6,12612.97
2022-11-04,10149.93,18297.06,17979.45,21769.78,12927.49
2022-11-11,10149.93,18007.46,18036.2,21903.03,12844.5
2022-11-18,10149.93,18000.0,17955.91,21721.23,12559.59
2022-11-25,10149.93,17890.84,17923.55,21649.68,12433.41
2022-12-02,10127.4,17879.94,17908.71,21615.09,12388.85
2022-12-09,10047.47,17824.04,17703.74,21150.29,12034.45
2022-12-16,10007.34,18132.53,17712.95,21165.19,12115.18
2022-12-23,10053.2,18037.41,17714.86,21172.86,12294.86
2022-12-30,10025.08,17771.22,17623.42,20969.32,12219.43
2023-01-06,10108.97,18165.03,17847.77,21389.78,12271.45
2023-01-13,10157.94,18111.15,17950.2,21539.79,12548.11
2023-01-20,10143.81,17899.46,17708.13,21185.39,12411.79
2023-01-27,10162.78,17912.33,17923.34,21500.53,12540.71
2023-02-03,10350.54,18395.69,18500.24,22277.66,12811.33
2023-02-10,10225.67,18129.33,18267.61,21983.3,12760.97
2023-02-17,10219.85,18089.27,18243.42,21953.09,12686.19
2023-02-24,10068.59,18065.6,18019.71,21667.24,12503.21
2023-03-03,10063.95,17961.29,18058.83,21761.51,12638.45
2023-03-10,9912.43,18163.92,17817.85,21374.74,12240.96
2023-03-17,9845.05,18194.8,17881.1,21457.03,11965.96
2023-03-24,9904.61,18235.98,17984.07,21604.81,12038.25
2023-03-31,10015.43,17988.75,18097.24,21794.32,12323.34
2023-04-07,10006.52,18029.19,18051.55,21741.13,12312.23
2023-04-14,10039.89,17876.62,18064.98,21753.21,12370.94
2023-04-21,10036.24,17813.33,18011.9,21687.76,12304.82
2023-04-28,10013.7,17771.22,18006.64,21681.84,12221.27
2023-05-05,9976.59,17660.42,17837.47,21476.78,12065.49
2023-05-12,10028.09,17856.65,18034.45,21717.72,12138.93
2023-05-19,10045.98,17642.2,18112.18,21806.24,12148.64
2023-05-26,10043.96,17697.37,18248.75,21971.26,12169.41
2023-06-02,10054.27,17679.75,18341.12,22081.92,12218.59
2023-06-09,10003.87,17493.47,18198.06,21905.49,12129.3
2023-06-16,9991.54,17186.28,18136.29,21825.21,12141.73
2023-06-23,9946.46,17349.78,18138.2,21830.56,11963.56
2023-06-30,10033.24,17311.73,18380.97,22122.09,12194.16
2023-07-07,9827.26,17099.13,17954.54,21599.67,11992.29
2023-07-14,9896.49,17172.3,18005.71,21661.48,12085.41
2023-07-21,10057.95,17595.08,18398.27,22139.74,12381.1
2023-07-28,10043.96,17778.17,18466.45,22219.58,12432.36
2023-08-04,9929.24,17528.32,18326.9,22055.04,12336.76
2023-08-11,9974.88,17559.28,18311.61,22037.65,12380.21
2023-08-18,9749.09,17153.85,17982.45,21642.46,12082.71
2023-08-25,9903.29,17491.85,18294.64,22016.36,12302.3
2023-09-01,10067.47,17917.29,18612.25,22398.37,12522.62
2023-09-08,10093.51,17868.57,18613.17,22398.49,12560.56
2023-09-15,10217.17,17964.76,18692.5,22493.71,12738.01
2023-09-22,10163.09,17648.99,18513.71,22277.18,12579.41
2023-09-29,10133.62,17588.11,18432.58,22180.54,12506.7
2023-10-06,10001.11,17619.87,18337.58,22069.39,12260.3
2023-10-13,10132.31,17832.68,18619.61,22405.37,12535.38
2023-10-20,10090.25,17383.69,18174.62,21873.05,12261.66
2023-10-27,10024.52,17013.18,17996.33,21656.03,12153.7
2023-11-03,9985.48,17427.41,18394.48,22136.39,12369.05
2023-11-10,9934.01,17519.57,18751.66,22565.57,12377.58
2023-11-17,9888.88,17788.51,18766.28,22584.08,12434.36
2023-11-24,9862.98,17729.02,18656.07,22453.98,12356.91
2023-12-01,9808.96,17713.92,18744.31,22557.75,12429.96
2023-12-08,9852.02,17895.84,19005.07,22869.83,12522.2
2023-12-15,9976.81,18132.37,19263.24,23178.29,12716.34
2023-12-22,10043.59,18265.26,19355.59,23289.6,12806.53
2023-12-29,10029.09,18264.67,19344.97,23277.09,12786.91
2024-01-05,9901.98,18023.72,19119.92,23002.62,12667.9
2024-01-12,9968.28,18309.65,19361.59,23287.25,12749.92
2024-01-19,9924.09,18599.45,19491.67,23425.95,12721.81
2024-01-26,9963.64,18792.21,19625.2,23579.5,12884.16
2024-02-02,10026.78,19161.96,19975.35,23996.63,12902.95
2024-02-09,10107.85,19433.09,20084.38,24109.88,13010.77
2024-02-16,10131.54,19409.22,20027.91,24038.79,13039.61
2024-02-23,10135.56,19620.8,20154.86,24181.76,13054.28
2024-03-01,10285.91,19837.55,20352.52,24421.25,13246.03
2024-03-08,10182.48,19483.8,20071.23,24080.02,13106.94
2024-03-15,10237.05,19659.95,20123.88,24154.21,13179.44
2024-03-22,10428.27,20307.14,20683.55,24836.07,13439.75
2024-03-29,10496.75,20341.42,20702.92,24860.7,13524.01
2024-04-05,10432.64,20140.48,20463.04,24575.1,13435.49
2024-04-12,10432.2,20160.62,20529.73,24651.4,13435.15
2024-04-19,10298.31,19657.25,20213.67,24254.32,13252.3
2024-04-26,10341.39,19975.03,20309.09,24388.64,13317.86
2024-05-03,10247.07,20007.98,20403.67,24497.22,13282.22
2024-05-10,10347.64,20414.0,20672.32,24832.82,13477.76
2024-05-17,10369.96,20463.51,20644.11,24805.6,13513.14
2024-05-24,10315.24,20404.64,20564.99,24712.05,13336.55
2024-05-31,10282.74,20319.25,20502.96,24635.29,13330.28
2024-06-07,10291.9,20611.1,20735.3,24920.37,13353.58
2024-06-14,10404.53,21004.84,21144.33,25411.79,13501.51
2024-06-21,10462.08,21204.49,21271.95,25571.81,13579.4
2024-06-28,10475.84,21193.25,21203.73,25494.59,13596.44
2024-07-05,10474.85,21308.93,21236.0,25540.72,13600.83
2024-07-12,10466.82,21230.53,21146.84,25434.25,13589.42
2024-07-19,10390.31,20932.38,20975.4,25216.69,13483.03
2024-07-26,10411.16,20837.55,20983.79,25217.81,13504.87
2024-08-02,10408.12,20492.77,21060.97,25274.05,13484.02
2024-08-09,10464.69,20571.56,21053.19,25272.22,13556.51
2024-08-16,10491.33,21083.28,21285.14,25576.01,13611.98
2024-08-23,10467.31,20945.1,21091.49,25347.54,13579.43
2024-08-30,10532.52,21147.0,21212.27,25500.1,13667.41
2024-09-06,10340.64,20270.23,20798.47,24961.3,13343.78
2024-09-13,10567.83,21084.83,21350.67,25649.37,13692.67
2024-09-20,10457.98,21065.84,21176.72,25453.31,13590.83
2024-09-27,10471.61,21101.87,21164.4,25442.67,13605.02
2024-10-04,10537.4,21568.81,21475.91,25831.49,13853.79
2024-10-11,10567.89,21898.54,21659.79,26065.7,13918.95
2024-10-18,10654.66,22114.96,21810.92,26253.45,13916.25
2024-10-25,10574.52,22057.97,21742.97,26172.55,13891.74
2024-11-01,10471.41,21814.63,21534.17,25918.0,13712.26
2024-11-08,10649.31,22852.17,22226.52,26782.12,13985.77
2024-11-15,10682.12,22907.73,22375.55,26953.53,14023.76
2024-11-22,10862.36,23455.51,22799.81,27475.4,14374.71
2024-11-29,10866.41,23353.81,22742.53,27402.52,14295.78
2024-12-06,10843.76,23542.04,22886.82,27580.17,14266.19
2024-12-13,10816.81,23627.68,22880.59,27580.66,14322.88
2024-12-20,10672.8,23291.68,22637.76,27280.02,14053.01
2024-12-27,10680.45,23434.53,22676.06,27335.26,14091.41
2025-01-03,10761.69,23592.35,22895.84,27578.2,14305.01
2025-01-10,10810.23,23548.09,22923.59,27625.17,14412.49
2025-01-17,11040.41,24316.83,23530.86,28346.65,14821.49
2025-01-24,10904.85,24110.91,23189.02,27923.03,14590.01
2025-01-31,10897.96,24033.47,23247.48,28004.17,14637.9
2025-02-07,10962.24,23998.47,23265.53,28030.06,14695.29
2025-02-14,10940.59,23982.22,23142.66,27873.34,14631.68
2025-02-21,10858.71,23513.75,22856.21,27541.2,14530.08
2025-02-28,10887.87,23401.46,22969.65,27695.7,14628.25
2025-03-07,10553.7,22089.24,21874.38,26388.73,14183.3
2025-03-14,10419.05,21561.56,21543.6,26004.15,14013.49
2025-03-21,10472.24,21690.81,21678.42,26167.52,14084.89
2025-03-28,10414.18,21346.05,21460.58,25914.03,14010.56
2025-04-04,10185.89,19503.9,20667.52,24828.93,13277.82
2025-04-11,10153.75,20295.08,20706.58,24899.49,13258.11
2025-04-18,10192.31,19734.12,20390.7,24478.94,13303.44
2025-04-25,10259.09,20558.79,20850.95,25091.89,13489.4
2025-05-02,10259.75,20890.62,21142.41,25606.83,13686.7
2025-05-09,10236.34,20768.27,21091.16,25416.26,13644.06
2025-05-16,10273.27,21225.43,21321.76,26245.35,13894.7
2025-05-23,10209.0,20946.68,21064.11,25298.92,13492.73
2025-05-30,10267.06,21113.77,21202.52,25809.31,13687.55
2025-06-06,10274.66,21350.72,21282.91,25859.09,13787.33
2025-06-13,10249.92,21239.83,21236.22,25796.62,13858.78
2025-06-20,10267.14,21151.31,21423.61,26031.36,14000.18
2025-06-27,10312.4,21474.54,21530.9,26174.55,13774.25
2025-07-04,10400.46,21712.97,21791.27,26509.16,13954.99
2025-07-11,10491.03,21820.42,21976.1,26742.88,14103.43
2025-07-18,10541.82,21987.64,22197.2,27023.51,14198.86
2025-07-25,10591.21,22377.4,22372.33,27248.05,14320.21
2025-08-01,10583.3,21912.41,22421.76,27298.42,14258.17
2025-08-08,10568.01,21955.67,22436.05,27325.29,14210.59
2025-08-15,10566.87,22009.38,22393.22,27274.88,14207.77
2025-08-22,10664.21,22109.6,22516.82,27429.93,14418.68
2025-08-29,10657.48,22135.7,22580.62,27509.01,14415.65
2025-09-05,10683.98,22118.87,22701.15,27659.02,14438.55
2025-09-12,10740.55,22458.69,22852.41,27854.18,14517.07
2025-09-19,10791.81,22727.05,23126.52,28205.22,14592.43
2025-09-26,10885.14,22719.78,23166.59,28256.23,14712.72
2025-10-03,10872.85,22936.51,23227.28,28334.86,14703.86
2025-10-10,10748.89,22581.15,23136.82,28210.97,14539.21
2025-10-17,10876.59,22862.01,23310.1,28433.62,14714.09
2025-10-24,11122.03,23498.38,23781.63,29034.67,15047.51
2025-10-31,11158.76,23945.23,24102.2,29443.84,15104.85
2025-11-07,11127.83,23725.63,23865.02,29138.46,15058.45
2025-11-14,11143.0,23936.14,23841.55,29110.22,15077.47
2025-11-21,11062.23,23410.56,23767.05,29007.06,14970.98
2025-11-28,11188.29,23804.08,24071.14,29401.97,15143.98
2025-12-05,11123.39,23806.92,23889.3,29176.18,15050.2
2025-12-12,11014.37,23785.25,23710.07,28949.01,14905.62
2025-12-19,11003.55,23925.91,23746.38,28993.99,14894.39
2025-12-26,11028.09,24060.88,23749.1,29001.48,14924.74
2026-01-02,11027.56,24377.21,23648.78,28869.15,14913.43
2026-01-09,11226.52,24897.17,23994.63,29293.06,15174.66
2026-01-16,11343.74,25186.79,23944.2,29229.44,15333.98
2026-01-23,11183.46,24950.66,23462.08,28625.57,15101.59
2026-01-30,11248.44,24952.57,23442.36,28598.31,15186.45
2026-02-06,11340.7,25555.46,23575.14,28769.23,15308.66
2026-02-13,11380.08,25890.98,23426.27,28597.02,15358.7
2026-02-20,11645.23,26529.76,23861.73,29137.18,15724.26
2026-02-27,11716.11,26650.24,23865.93,29151.29,15822.57
2026-03-06,11848.17,24967.62,23609.28,28832.7,16026.04
2026-03-13,11997.28,24870.62,23628.21,28860.33,16234.09
2026-03-20,11748.57,24026.26,23108.22,28212.41,15891.37
2026-03-27,11785.4,24155.95,22910.83,27975.74,15933.99
2026-04-03,12122.2,25136.01,23477.96,28726.67,16530.07
2026-04-10,11924.66,25877.7,23543.09,28820.79,16247.41
2026-04-17,11921.11,26561.98,24018.99,29557.36,16451.19
2026-04-24,12004.21,26127.41,24030.58,29573.41,16598.61
2026-05-01,12064.87,26174.23,24027.67,29578.73,16758.33
2026-05-08,12059.23,26878.53,24298.78,29920.93,16717.06
2026-05-15,12274.04,26731.76,24724.44,30452.64,17071.6
2026-05-22,12265.67,26990.88,24698.78,30422.78,17022.97
2026-05-29,12187.64,27459.51,24958.53,30745.68,16872.67
2026-06-05,12149.98,26751.83,24717.57,30441.61,16842.82
2026-06-12,12154.07,27491.33,24737.11,30465.62,16808.7
2026-06-19,12195.52,28410.94,25266.04,31121.02,16890.73
2026-06-26,12109.43,27677.56,24989.82,30768.18,16771.06
2026-07-03,12081.09,27471.58,24980.43,30754.05,16668.96
2026-07-10,12129.76,27515.01,25000.09,30810.11,16737.41
2026-07-17,12247.87,26794.29,24749.02,30441.86,16948.75
2026-07-24,12453.13,27067.74,24804.89,30521.88,17274.03
2026-07-31,12317.51,27150.47,24669.91,30357.08,17014.18
2026-08-07,12385.2,27908.07,25182.2,31065.5,17089.86
2026-08-14,12477.06,27969.76,25150.55,31029.07,17238.27
2026-08-21,12450.64,27753.31,24733.46,30494.67,17202.28
2026-08-28,12460.77,27887.27,24995.87,30829.04,17235.76
2026-09-04,12464.4,27800.33,24915.72,30726.6,17250.84
